-- Active: 1700675802032@@localhost@5432@BiblioTEC
-- Populando autor
INSERT INTO autor (cod_autor,nome_autor,pais_autor)
	VALUES
	(1,'Robert C. Martin ','Estados Unidos'),
	(2,'Andrew Hunt','Inglaterra'),
	(3,'David Thomas','Inglaterra'),
	(4,'Yuval Noah Harari','Israel'),
	(5,'Walter Isaacson','Estados Unidos'),
	(6,'Eric Matthes','Estados Unidos'),
	(7,'Erich Gamma','Suiça'),
	(8,'Richard Helm','Estados Unidos'),
	(9,'Ralph Johnson','Estados Unidos'),
	(10,'Gene Kim','Estados Unidos'),
	(11,'Kevin Behr','Estados Unidos'),
	(12,'George Spafford','Estados Unidos'),
	(13,'Karina Vazquez','Brasil'),
	(14,'Mark Manson','Estados Unidos'),
	(15,'Andreas M. Antonopoulos','Grécia'),
	(16,'Charles Duhigg','Mexico'),
	(17,'Timothy Ferriss','Estados Unidos'),
	(18,'Carol S. Dweck ','Estados Unidos'),
	(19,'Robert T. Kiyosaki','Estados Unidos');
	
-- Populando situação
INSERT INTO situacao (cod_situacao,descr_situacao)
	VALUES
	(1,'Disponível'),
	(2,'Emprestado'),
	(3,'Manutenção'),
	(4,'Perdido');

-- Populando Tema
INSERT INTO tema (cod_tema, descr_tema)
	VALUES
	(1,'Blockchain'),
	(2,'Boas práticas de codificação'),
	(3,'Criptomoedas'),
	(4,'Desenvolvimento de software'),
	(5,'Desenvolvimento pessoal'),
	(6,'DevOps'),
	(7,'Dicas'),
	(8,'Educação financeira'),
	(9,'Engenharia de software'),
	(10,'Finanças pessoais'),
	(11,'Hábitos'),
	(12,'História da humanidade e da civilização'),
	(13,'História da tecnologia e inovação'),
	(14,'Inteligência artificial e suas aplicações'),
	(15,'Introdução à programação'),
	(16,'Investimentos'),
	(17,'Mudança comportamental'),
	(18,'Padrões de design'),
	(19,'Programação'),
	(20,'Programação em Python'),
	(21,'Psicologia positiva'),
	(22,'Técnicas para programadores'),
	(23,'Tecnologia financeira'),
	(24,'Tecnologia da informação');

-- Populando tipo_matricula
INSERT INTO tipo_matricula (cod_tipo_matricula,descr_tipo_matricula)
	VALUES
	(1,'Estudante'),
	(2,'Professor'),
	(3,'Funcionário'),
	(4,'Externo');
 
 --Populando instituicao
INSERT INTO instituicao (cod_instituicao, nome_instituicao, endereco_instituicao, etec_fatec)
	VALUES
	(1, 'Fatec Sao Paulo', 'Av. Tiradentes, 615 - Bom Retiro - Sao Paulo/SP', 'Fatec'),
	(2, 'Fatec Pastor Eneas Tognini', 'R. Frei João, 59 - Vila Nair - Sao Paulo/SP', 'Fatec'), 
	(3, 'Fatec SEBRAE', 'Alameda Nothman 598 - Campos Eliseos - Sao Paulo/SP', 'Fatec'),
	(4, 'Etec Getulio Vargas', 'Rua Moreira e Costa, 243 - Ipiranga - Sao Paulo/SP', 'Etec'),
	(5, 'Etec Lauro Gomes', 'Av. Pereira Barreto, 400 - Vila Baeta Neves - Sao Bernardo do Campo/SP', 'Etec');

--Populando Estante
INSERT INTO estante (num_estante, cod_instituicao)
	VALUES
	(1, 1),
	(2, 1),
	(3, 1),
	(4, 1),
	(5, 1),
	(1, 2),
	(2, 2),
	(3, 2),
	(4, 2),
	(5, 2),
	(1, 3),
	(2, 3),
	(3, 3),
	(4, 3),
	(5, 3),
	(1, 4),
	(2, 4),
	(3, 4),
	(4, 4),
	(5, 4),
	(1, 5),
	(2, 5),
	(3, 5),
	(4, 5),
	(5, 5);

--Populando Livro
INSERT INTO livro (ISBN, titulo, subtitulo, dt_publ, editora, edicao, local_publ)
	VALUES
	('0132350884', 'Clean Code', 'A Handbook of Agile Software Craftsmanship', '2008-08-11', 'Prentice Hall', 1, 'Nova York, EUA'),
	('0137081073', 'The Clean Coder', 'A Code of Conduct for Professional Programmers', '2011-05-23', 'Prentice Hall', 1, 'Nova York, EUA'),
	('0201616224', 'The Pragmatic Programmer', 'Your Journey to Mastery', '1999-10-20', 'Addison-Wesley Professional', 1, 'Boston, EUA'),
	('0201734843', 'Pragmatic Unit Testing in Java with JUnit', NULL, '2003-09-08', 'Addison-Wesley Professional', 1, 'Boston, EUA'),
	('0062316110', 'Sapiens: A Brief History of Humankind', NULL, '2015-02-10', 'Harper', 1, 'Nova York, EUA'),
	('0062464316', 'Homo Deus: A Brief History of Tomorrow', NULL, '2017-02-21', 'Harper', 1, 'Nova York, EUA'),
	('0743264730', 'Benjamin Franklin: An American Life', NULL, '2003-07-04', 'Simon & Schuster', 1, 'Nova York, EUA'),
	('1501127620', 'Steve Jobs', NULL, '2011-10-24', 'Simon & Schuster', 1, 'Nova York, EUA'),
	('1593276034', 'Python Crash Course', 'A Hands-On, Project-Based Introduction to Programming', '2015-11-20', 'No Starch Press', 1, 'São Francisco, EUA'),
	('1593279912', 'Python Crash Course', 'A Hands-On, Project-Based Introduction to Programming', '2019-05-08', 'No Starch Press', 2, 'São Francisco, EUA'),
	('0201633610', 'Design Patterns', 'Elements of Reusable Object-Oriented Software', '1994-10-31', 'Addison-Wesley Professional', 1, 'Boston, EUA'),
	('1942788003', 'The Phoenix Project', 'A Novel About IT, DevOps, and Helping Your Business Win', '2013-01-10', 'IT Revolution Press', 1, 'Portland, EUA'),
	('0062457714', 'The Subtle Art of Not Giving a F*ck', 'A Counterintuitive Approach to Living a Good Life', '2016-09-13', 'HarperOne', 1, 'Nova York, EUA'),
	('0062885422', 'Everything Is F*cked', 'A Book About Hope', '2019-05-14', 'Harper', 1, 'Nova York, EUA'),
	('1491954386', 'Mastering Bitcoin', 'Unlocking Digital Cryptocurrencies', '2014-12-24', 'O´Reilly Media', 1, 'California, EUA'),
	('1491904240', 'Mastering Ethereum', 'Building Smart Contracts and DApps', '2018-12-02', 'O´Reilly Media', 1, 'California, EUA'),
	('1400069286', 'The Power of Habit', 'Why We Do What We Do in Life and Business', '2012-02-28', 'Random House', 1, 'Nova York, EUA'),
	('0812981605', 'Smarter Faster Better', 'The Secrets of Being Productive in Life and Business', '2016-03-08', 'Random House', 1, 'Nova York, EUA'),
	('0307465351', 'The 4-Hour Workweek', 'Escape 9-5, Live Anywhere, and Join the New Rich', '2007-04-24', 'Harmony', 1, 'Nova York, EUA'),
	('0307463630', 'The 4-Hour Body', 'An Uncommon Guide to Rapid Fat-Loss, Incredible Sex, and Becoming Superhuman', '2010-12-14', 'Harmony', 1, 'Nova York, EUA'),
	('0345472328', 'Mindset: The New Psychology of Success', NULL, '2006-12-26', 'Random House', 1, 'Nova York, EUA'), 
	('0345805852', 'Self-Theories: Their Role in Motivation, Personality, and Development', NULL, '1999-07-27', 'Psychology Press', 1, 'Nova York, EUA'),
	('0446677455', 'Rich Dad Poor Dad', 'What the Rich Teach Their Kids About Money That the Poor and Middle Class Do Not!', '1997-06-19', 'Plata Publishing', 2, 'Arizona, EUA'),
	('1612680170', 'Cashflow Quadrant', 'Rich Dad´s Guide to Financial Freedom', '2000-01-01', 'Plata Publishing', 1, 'Arizona, EUA');

--Populando matricula
INSERT INTO matricula(cod_matricula, cod_tipo_matricula, cod_instituicao, nome_matricula, dt_matricula, sexo, dt_nscm, email_matricula, endereco_matricula, CPF, dt_termino)
	VALUES
	(40101, 1, 1, 'Maria da Silva', '2022-02-10', 'F', '2005-05-15', 'maria.silva@example.com', 'Rua da Universidade, 123 - Vila Cursinho - São Paulo/SP', 12345678909, '2025-11-30'),
	(40111, 1, 1, 'João Oliveira', '2021-07-20', 'M', '1997-12-03', 'joao.oliveira@studentmail.com', 'Avenida dos Estudantes, 45 - Campos Concurso - São Paulo/SP - São Paulo/SP', 98765432102, '2024-06-30'),
	(40102, 1, 2, 'Ana Santos', '2022-01-05', 'F', '1999-08-22', 'ana.santos@universitymail.com', 'Travessa do Ensino, 07 - Vila Saber - São Paulo/SP', 32165498740, '2024-12-30'),
	(40121, 1, 1, 'Pedro Pereira', '2021-03-12', 'M', '1998-02-10', 'pedro.pereira@example.com', 'Rua dos Estudantes, 56 - Campo Novo - São Paulo/SP', 13246579887, '2023-11-30'),
	(40103, 1, 3, 'Sofia Rodrigues', '2022-08-30', 'F', '1997-11-05', 'sofia.rodrigues@studentmail.com', 'Alameda da Escola, 89 - Bairro do Intercâmbio - São Paulo/SP', 31264597819, '2025-07-30'),
	(40113, 1, 3, 'Lucas Fernandes', '2021-05-05', 'M', '1996-09-30', 'lucas.fernandes@universitymail.com', 'Praça do Conhecimento, 12 - Campo da Concórdia - São Paulo/SP', 96385274101, '2024-05-30'),
	(40112, 1, 2, 'Carlos Lima', '2021-12-18', 'M', '1999-03-18', 'carlos.lima@example.com', 'Rua dos Alunos, 67 - Avenida dos Professores - São Paulo/SP', 74185296321, '2024-10-30'),
	(40122, 1, 2, 'Beatriz Costa', '2021-06-02', 'F', '1997-07-12', 'beatriz.costa@studentmail.com', 'Alameda das Lições, 21 - Bairro do Livro - São Paulo/SP', 85296314742, '2024-04-30'),
	(40123, 1, 3, 'Rafaela Vieira', '2022-02-15', 'F', '1998-01-25', 'rafaela.vieira@universitymail.com', 'Avenida da Educação, 34 - Praça do Bom Progresso - São Paulo/SP', 15923647813, '2025-09-30'),
	(40131, 1, 1, 'Felipe Santos', '2021-10-25', 'M', '1996-10-09', 'felipe.santos@example.com', 'Travessa dos Estudantes, 03 - Campo do Sucesso - São Paulo/SP', 87495163285, '2024-08-30'),
	(40104, 1, 4, 'Luana Almeida', '2022-03-01', 'F', '2005-05-22', 'luana.almeida@example.com', 'Rua do Colégio, 123 - Vila da Apostila - São Paulo/SP', 14523697825, '2025-11-30'),
	(40105, 1, 5, 'Gustavo Martins', '2021-08-15', 'M', '2024-12-03', 'gustavo.martins@studentmail.com', 'Avenida dos Estudantes, 45 - Vila do Aprendizado - São Bernardo do Campo/SP', 15395748629, '2024-06-30'),
	(40115, 1, 5, 'Júlia Ferreira', '2022-02-05', 'F', '2006-08-22', 'julia.ferreira@universitymail.com', 'Rua da Educação, 75 - Nova História - São Bernardo do Campo/SP', 84286273964, '2024-12-30'),
	(40114, 1, 4, 'Eduardo Lima', '2021-04-12', 'M', '2005-02-10', 'eduardo.lima@example.com', 'Alameda do Ensino, 994 - Largo da Moral - São Paulo/SP', 30124180907, '2023-11-30'),
	(40124, 1, 4, 'Mariana Costa', '2022-09-20', 'F', '2004-11-05', 'mariana.costa@studentmail.com', 'Ladeira da Escola, 452 - Vila Esperança - São Paulo/SP', 90584420132, '2025-07-30'),
	(40134, 1, 4, 'Gabriel Oliveira', '2021-06-03', 'M', '2003-09-30', 'gabriel.oliveira@universitymail.com', 'Rua da Lição, 847 - Vila da Biblioteca - São Paulo/SP', 99039389793, '2024-05-30'),
	(40125, 1, 5, 'Isabela Teixeira', '2022-01-12', 'F', '2006-04-07', 'isabela.teixeira@example.com', 'Travessa do Curso, 951 - Campo da Razão - São Bernardo do Campo/SP', 45065443252, '2024-10-30'),
	(40135, 1, 5, 'Rafael Silva', '2021-07-22', 'M', '2004-07-12', 'rafael.silva@studentmail.com', 'Rua da Matéria, 865 - Campo da Faculdade - São Bernardo do Campo/SP', 35065420174, '2024-04-30'),
	(40141, 1, 2, 'Fernanda Santos', '2022-04-15', 'F', '1999-06-25', 'fernanda.santos@example.com', 'Rua das Aulas, 87 - Vila do Saber - São Paulo/SP', 98765432109, '2024-12-30'),
	(40151, 1, 3, 'Rodrigo Fernandes', '2021-11-10', 'M', '1997-09-14', 'rodrigo.fernandes@studentmail.com', 'Avenida da Ciência, 56 - Bairro do Conhecimento - São Paulo/SP', 12345678912, '2024-05-30'),
	(40142, 1, 4, 'Camila Lima', '2022-07-02', 'F', '1998-03-18', 'camila.lima@example.com', 'Rua dos Livros, 67 - Praça dos Professores - São Paulo/SP', 74185296327, '2024-10-30'),
	(40152, 1, 5, 'Felipe Costa', '2021-09-22', 'M', '1996-08-10', 'felipe.costa@example.com', 'Travessa das Lições, 32 - Avenida dos Estudantes - São Bernardo do Campo/SP', 85296314755, '2024-04-30'),
	(40143, 1, 2, 'Carolina Oliveira', '2022-05-30', 'F', '1997-11-05', 'carolina.oliveira@studentmail.com', 'Alameda do Saber, 89 - Bairro do Estudo - São Paulo/SP', 31264597821, '2025-07-30'),
	(40153, 1, 3, 'Miguel Rodrigues', '2021-08-10', 'M', '1996-02-25', 'miguel.rodrigues@universitymail.com', 'Rua da Aprendizagem, 54 - Campo do Saber - São Paulo/SP', 15923647817, '2024-09-30'),
	(40144, 1, 4, 'Evelyn Almeida', '2022-02-18', 'F', '2005-05-22', 'evelyn.almeida@example.com', 'Alameda das Apostilas, 123 - Vila da Leitura - São Paulo/SP', 14523697829, '2025-11-30'),
	(40154, 1, 5, 'Rafael Martins', '2021-06-15', 'M', '2004-12-03', 'rafael.martins@studentmail.com', 'Avenida dos Conhecimentos, 45 - Vila do Aprendizado - São Bernardo do Campo/SP', 15395748632, '2024-06-30'),
	(40145, 1, 2, 'Amanda Ferreira', '2022-01-10', 'F', '2006-08-22', 'amanda.ferreira@universitymail.com', 'Rua da Sabedoria, 75 - Nova Leitura - São Paulo/SP', 84286273968, '2024-12-30'),
	(40155, 1, 3, 'Lucas Lima', '2021-04-25', 'M', '2005-02-10', 'lucas.lima@example.com', 'Alameda do Conhecimento, 994 - Largo do Progresso - São Paulo/SP', 30124180912, '2023-11-30'),
	(40146, 1, 4, 'Juliana Costa', '2022-10-20', 'F', '2004-11-05', 'juliana.costa@studentmail.com', 'Ladeira do Estudo, 452 - Vila Esperança - São Paulo/SP', 90584420135, '2025-07-30'),
	(40156, 1, 4, 'Renan Oliveira', '2021-07-03', 'M', '2003-09-30', 'renan.oliveira@universitymail.com', 'Rua da Sabedoria, 847 - Vila da Leitura - São Paulo/SP', 99039389799, '2024-05-30'),
	(40147, 1, 5, 'Bianca Teixeira', '2022-03-12', 'F', '2006-04-07', 'bianca.teixeira@example.com', 'Travessa das Lições, 951 - Campo do Aprendizado - São Bernardo do Campo/SP', 45065443259, '2024-10-30'),
	(40157, 1, 5, 'Gustavo Silva', '2021-09-30', 'M', '2004-07-12', 'gustavo.silva@studentmail.com', 'Rua do Progresso, 865 - Vila da Educação - São Bernardo do Campo/SP', 35065420179, '2024-04-30'),
	(40148, 1, 2, 'Isadora Santos', '2022-02-25', 'F', '1998-01-25', 'isadora.santos@universitymail.com', 'Avenida da Sabedoria, 34 - Praça do Conhecimento - São Paulo/SP', 15923647821, '2025-09-30'),
	(40158, 1, 2, 'Henrique Pereira', '2021-06-18', 'M', '1999-03-18', 'henrique.pereira@example.com', 'Rua dos Alunos, 67 - Avenida dos Professores - São Paulo/SP', 74185296330, '2024-10-30'),
	(40149, 1, 3, 'Larissa Vieira', '2022-03-05', 'F', '1998-01-25', 'larissa.vieira@universitymail.com', 'Alameda da Educação, 34 - Praça do Bom Progresso - São Paulo/SP', 15923647823, '2025-09-30');

--populando matricula
INSERT INTO matricula(cod_matricula, cod_tipo_matricula, cod_instituicao, nome_matricula, dt_matricula, sexo, dt_nscm, email_matricula, endereco_matricula, CPF, dt_termino) 
	VALUES 
	(40313 , 2 , 2 , 'Eliana Ferreira' , '08/02/2015' , 'F' , '02/12/1979' , 'eliana.ferreira@email.com' , 'Alameda dos Estudantes, 1, Bela Vista - Sao Paulo, SP' , 45678901234 , NULL), 
	(40314 , 2 , 2 , 'Felipe Oliveira' , '08/02/2015' , 'M' , '17/08/1984' , 'felipe.oliveira@email.com' , 'Rua da Tecnologia, 567, Jardim do Conhecimento  - Sao Paulo, SP' , 56789012345 , NULL),  
	(40315 , 2 , 2 , 'Isabel Fernandes' , '08/02/2015' , 'F' , '19/03/1991' , 'isabel.fernandes@email.com' , 'Rua dos Laboratorios, 987, Cidade Nova - Sao Paulo, SP' , 67890123456 , NULL), 
	(40316 , 2 , 2 , 'Rodrigo Silva' , '08/02/2015' , 'M' , '01/07/1986' , 'rodrigo.silva@email.com' , 'Praca do Conhecimento, 543, Centro - Sao Paulo, SP' , 78901234567 , NULL), 
	(40317 , 3 , 2 , 'Clara Santos' , '08/02/2015' , 'F' , '06/05/1982' , 'clara.santos@email.com' , 'Avenida da Ciencia, 654, Parque Tecnologico - Sao Paulo, SP' , 89012345678 , NULL), 
	(40318 , 3 , 2 , 'Andre Ferreira' , '08/02/2015' , 'M' , '26/10/1974' , 'andre.ferreira@email.com' , 'Rua dos Alunos, 7890, Bairro dos Estudantes - Sao Paulo, SP' , 90123456789 , NULL), 
	(40319 , 3 , 3 , 'Patricia Oliveira' , '08/02/2015' , 'F' , '19/01/1992' , 'patricia.oliveira@email.com' , 'Rua das Inovacoes, 123, Vila Progresso - Sao Bernardo do Campo, SP' , 01234567890 , NULL), 
	(40320 , 3 , 3 , 'Guilherme Alves' , '09/12/2006' , 'M' , '13/11/1977' , 'guilherme.alves@email.com' , 'Avenida da Eletronica, 456, Jardim Eletrico - Sao Bernardo do Campo, SP' , 12345678901 , NULL), 
	(40321 , 3 , 3 , 'Juliana Cardoso' , '09/12/2006' , 'F' , '08/06/1989' , 'juliana.cardoso@email.com' , 'Rua dos Laboratorios, 987, Cidade Nova - Sao Paulo, SP' , 23456789012 , NULL), 
	(40322 , 3 , 4 , 'Marco Santos' , '09/12/2006' , 'M' , '17/12/1981' , 'marco.santos@email.com' , 'Praca do Conhecimento, 543, Centro - Sao Caetano, SP' , 345678.90123 , NULL),  
	(40323 , 3 , 4 , 'Vanessa Carvalho' , '09/12/2006' , 'F' , '22/02/1985' , 'vanessa.carvalho@email.com' , 'Alameda da Tecnologia, 567, Novo Horizonte - Diadema, SP' , 45678901234 , NULL), 
	(40324 , 4 , 4 , 'Gustavo Fernandes' , '09/12/2006' , 'M' , '05/07/1973' , 'gustavo.fernandes@email.com' , 'Rua dos Alunos, 7890, Bairro dos Estudantes - Sao Paulo, SP' , 56789012345 , NULL),
	(40325 , 4 , 4 , 'Mariana Oliveira' , '09/12/2006' , 'F' , '20/05/1994' , 'mariana.oliveira@email.com' , 'Rua das Inovacoes, 123, Vila Progresso - Sao Bernardo do Campo, SP' , 67890123456 , NULL), 
	(40326 , 2 , 4 , 'Andre Rodrigues' , '09/12/2006' , 'M' , '15/11/1980' , 'andre.rodrigues@email.com' , 'Avenida da Eletronica, 456, Jardim Eletrico - Sao Bernardo do Campo, SP' , 78901234567 , NULL), 
	(40327 , 2 , 5 , 'Beatriz Carvalho' , '01/03/2022' , 'F' , '18/03/1978' , 'beatriz.carvalho@email.com' , 'Rua dos Laboratorios, 987, Cidade Nova - Sao Paulo, SP' , 89012345678 , NULL), 
	(40328 , 2 , 5 , 'Paulo Ferreira' , '01/03/2022' , 'M' , '29/09/1987' , 'paulo.ferreira@email.com' , 'Praca do Conhecimento, 543, Centro - Sao Bernardo do Campo, SP' , 90123456789 , NULL), 
	(40329 , 2 , 5 , 'Renata Santos' , '01/03/2022' , 'F' , '25/12/1983' , 'renata.santos@email.com' , 'Avenida da Ciencia, 654, Parque Tecnologico - Sao Bernardo do Campo, SP' , 01234567890 , NULL);

--Populando Autoria
INSERT INTO autoria (cod_autor, ISBN)
	VALUES
	(1, '0132350884'),
	(1, '0137081073'),
	(2, '0201616224'),
	(3, '0201616224'),
	(2, '0201734843'),
	(3, '0201734843'),
	(4, '0062316110'),
	(4, '0062464316'),
	(5, '0743264730'), 
	(5, '1501127620'),
	(6, '1593276034'),
	(6, '1593279912'), 
	(7, '0201633610'),
	(8, '0201633610'),
	(9, '0201633610'),
	(10, '1942788003'),
	(11, '1942788003'),
	(12, '1942788003'),
	(14, '0062457714'),
	(14, '0062885422'),
	(15, '1491954386'),
	(15, '1491904240'),
	(16, '1400069286'),
	(16, '0812981605'),
	(17, '0307465351'),
	(17, '0307463630'),
	(18, '0345472328'), 
	(18, '0345805852'),
	(19, '0446677455'),
	(19, '1612680170');

--Populando classificacao
INSERT INTO classificacao (ISBN, cod_tema)
	VALUES
	('0132350884', 2),
	('0132350884', 19),
	('0132350884', 22),
	('0137081073', 2),
	('0137081073', 19),
	('0137081073', 22),
	('0201616224', 2),
	('0201616224', 19),
	('0201616224', 22),
	('0201734843', 2),
	('0201734843', 19),
	('0201734843', 22),
	('0062316110', 12),
	('0062464316', 12),
	('0743264730', 12),
	('1501127620', 13),
	('1593276034', 15),
	('1593276034', 19),
	('1593276034', 20),
	('1593276034', 22),
	('1593279912', 15),
	('1593279912', 19),
	('1593279912', 20),
	('1593279912', 22),
	('0201633610', 9),
	('0201633610', 4),
	('0201633610', 19),
	('1942788003', 6),
	('1942788003', 7),
	('1942788003', 24),
	('0062457714', 7),
	('0062457714', 5),
	('0062457714', 17),
	('0062885422', 5),
	('0062885422', 7),
	('0062885422', 17),
	('0062885422', 21),
	('1491954386', 3),
	('1491954386', 10),
	('1491954386', 16),
	('1491954386', 23),
	('1491904240', 3),
	('1491904240', 10),
	('1491904240', 16),
	('1491904240', 23),
	('1400069286', 11),
	('1400069286', 7),
	('1400069286', 5),
	('0812981605', 5),
	('0812981605', 7),
	('0812981605', 11),
	('0812981605', 17),
	('0307465351', 11),
	('0307465351', 17),
	('0307463630', 11),
	('0307463630', 17),
	('0307463630', 7),
	('0345472328', 5),
	('0345472328', 21),
	('0345805852', 5),
	('0345805852', 7),
	('0345805852', 21),
	('0446677455', 8),
	('0446677455', 10),
	('0446677455', 11),
	('1612680170', 8),
	('1612680170', 10),
	('1612680170', 23);


-- Populando Exemplar
INSERT INTO exemplar (cod_exemplar, isbn, dt_aquisicao, cod_estante, cod_situacao, estado_exemplar)
VALUES
(49,	'1400069286',	'2018-02-26',	19,	1,	 'Danificado'),
(29,	'0345472328',	'2021-03-07',	4,	4,	 'Danificado'),
(2,		'0132350884',	'2023-02-22',	1,	2,	 'Danificado'),
(26,	'0201616224',	'2018-02-15',	5,	4,	 'Danificado'),
(19,	'0446677455',	'2015-11-25',	19,	2,	 'Danificado'),
(17,	'0446677455',	'2018-09-30',	1,	4,	 'Danificado'),
(46,	'0062885422',	'2019-04-07',	14,	1,	 'Danificado'),
(39,	'0345472328',	'2019-07-09',	21,	4,	 'Danificado'),
(38,	'0345472328',	'2019-07-08',	21,	2,	 'Danificado'),
(36,	'1942788003',	'2017-08-04',	23,	4,	 'Danificado'),
(7,		'0345805852',	'2018-10-26',	3,	2,	 'Danificado'),
(12,	'0201734843',	'2014-04-21',	17,	2,	 'Danificado'),
(24,	'0201616224',	'2018-12-18',	8,	2,	 'Danificado'),
(34,	'1942788003',	'2018-07-06',	25,	4,	 'Danificado'),
(32,	'0132350884',	'2019-04-04',	24,	4,	 'Danificado'),
(4,		'0137081073',	'2019-12-14',	2,	1,	 'Danificado'),
(15,	'0062457714',	'2019-07-19',	18,	2,	 'Danificado'),
(30,	'0345472328',	'2021-05-04',	8,	1,	 'Preservado'),
(40,	'0446677455',	'2020-04-01',	20,	1,	 'Preservado'),
(31,	'0132350884',	'2022-05-05',	7,	1,	 'Preservado'),
(22,	'0062464316',	'2020-01-10',	6,	2,	 'Preservado'),
(21,	'0062464316',	'2021-01-20',	9,	4,	 'Preservado'),
(42,	'0201633610',	'2021-05-15',	10,	4,	 'Preservado'),
(28,	'0345472328',	'2020-02-09',	5,	4,	 'Preservado'),
(44,	'1942788003',	'2020-06-19',	15,	2,	 'Preservado'),
(41,	'0446677455',	'2022-09-02',	10,	4,	 'Preservado'),
(8,		'0307463630',	'2020-06-14',	10,	4,	 'Preservado'),
(6,		'1491904240',	'2020-04-10',	1,	1,	 'Preservado'),
(3,		'0132350884',	'2023-10-22',	1,	2,	 'Preservado'),
(43,	'1593276034',	'2022-06-18',	16,	2,	 'Preservado'),
(45,	'0062457714',	'2017-04-05',	14,	1,	 'Preservado'),
(1,		'0132350884',	'2023-10-22',	1,	2,	 'Preservado'),
(14,	'0062457714',	'2018-06-17',	15,	4,	 'Preservado'),
(47,	'1491954386',	'2018-08-09',	18,	4,	 'Preservado'),
(48,	'1491904240',	'2017-04-06',	17,	2,	 'Preservado'),
(11,	'0201734843',	'2014-03-21',	18,	4,	 'Preservado'),
(13,	'0201734843',	'2013-05-15',	14,	2,	 'Preservado'),
(16,	'0062457714',	'2018-08-29',	19,	4,	 'Preservado'),
(9,		'0307463630',	'2018-01-24',	1,	4,	 'Preservado'),
(10,	'0307463630',	'2019-02-24',	5,	4,	 'Preservado'),
(35,	'1942788003',	'2018-08-05',	23,	4,	 'Preservado'),
(51,	'0345472328',	'2019-05-21',	12,	2,	 'Preservado'),
(18,	'0446677455',	'2017-10-24',	9,	4,	 'Preservado'),
(20,	'0062464316',	'2018-12-20',	8,	2,	 'Preservado'),
(5,		'1491904240',	'2018-04-01',	1,	1,	 'Preservado'),
(23,	'0201616224',	'2020-01-19',	5,	2,	 'Preservado'),
(33,	'0132350884',	'2019-04-09',	8,	2,	 'Preservado'),
(27,	'0345472328',	'2019-02-05',	6,	1,	 'Preservado'),
(50,	'0812981605',	'2019-01-22',	15,	1,	 'Preservado'),
(37,	'0345472328',	'2017-08-07',	22,	4,	 'Preservado'),
(25,	'0201616224',	'2017-02-01',	7,	2,	 'Preservado');



-- Populando emprestimo com hora
INSERT INTO emprestimo (cod_emprestimo, cod_matricula, cod_exemplar, dt_emprestimo, dt_prevista_devolucao, dt_devolucao)
VALUES 
(3796,40121,39,'24/03/2021 10:54:32','07/04/2021','12/04/2021 14:07:48'),
(3797,40121,37,'24/03/2021 10:26:02','07/04/2021','01/04/2021 09:28:39'),
(3798,40121,4,'24/03/2021 12:15:48','07/04/2021','01/04/2021 10:19:26'),
(3799,40121,16,'24/03/2021 10:36:07','07/04/2021','31/03/2021 10:04:16'),
(3800,40121,18,'25/03/2021 11:15:45','08/04/2021','19/04/2021 11:35:37'),
(3802,40121,15,'25/03/2021 10:06:28','08/04/2021','06/04/2021 10:45:55'),
(3801,40121,5,'25/03/2021 12:20:42','08/04/2021','07/04/2021 11:43:13'),
(3806,40121,40,'22/04/2021 11:10:18','06/05/2021','05/05/2021 09:38:37'),
(3803,40114,27,'22/04/2021 11:25:32','06/05/2021','03/05/2021 11:27:33'),
(3805,40114,19,'22/04/2021 10:15:40','06/05/2021','31/05/2021 12:15:18'),
(3804,40121,44,'22/04/2021 11:53:07','06/05/2021','11/05/2021 09:05:27'),
(3807,40121,15,'13/05/2021 09:28:33','27/05/2021','24/05/2021 09:01:16'),
(3808,40121,28,'13/05/2021 10:36:17','27/05/2021','26/05/2021 11:15:48'),
(3809,40113,20,'13/05/2021 11:32:46','27/05/2021','28/05/2021 10:53:23'),
(3810,40121,23,'13/05/2021 12:01:22','27/05/2021','20/05/2021 10:10:43'),
(3812,40114,11,'21/05/2021 11:45:31','04/06/2021','07/06/2021 12:20:18'),
(3811,40114,14,'21/05/2021 10:58:04','04/06/2021','09/06/2021 09:54:52'),
(3813,40121,35,'21/05/2021 14:52:53','04/06/2021','28/05/2021 12:40:28'),
(3815,40155,44,'21/05/2021 12:22:49','04/06/2021','24/05/2021 10:22:57'),
(3814,40114,7,'21/05/2021 13:49:37','04/06/2021','03/06/2021 09:35:09'),
(3816,40114,15,'24/05/2021 11:53:01','07/06/2021','08/06/2021 11:59:09'),
(3817,40114,10,'25/05/2021 09:54:34','08/06/2021','01/06/2021 09:37:51'),
(3819,40121,32,'02/06/2021 11:12:33','16/06/2021','22/06/2021 14:07:23'),
(3820,40121,37,'02/06/2021 12:37:01','16/06/2021','19/08/2021 10:59:11'),
(3818,40155,25,'02/06/2021 09:38:57','16/06/2021','18/06/2021 12:38:59'),
(3822,40134,4,'04/06/2021 09:21:36','18/06/2021','14/06/2021 10:49:24'),
(3823,40155,8,'04/06/2021 12:08:48','18/06/2021','14/06/2021 13:23:15'),
(3821,40114,7,'04/06/2021 10:51:33','18/06/2021','14/06/2021 10:33:36'),
(3824,40155,26,'09/06/2021 11:16:29','23/06/2021','24/06/2021 09:51:37'),
(3825,40114,10,'17/06/2021 11:28:42','01/07/2021','29/06/2021 14:00:22'),
(3826,40113,32,'22/06/2021 11:46:53','06/07/2021','02/08/2021 09:15:59'),
(3828,40158,48,'24/06/2021 12:45:16','08/07/2021','10/08/2021 10:35:42'),
(3829,40122,45,'24/06/2021 11:02:48','08/07/2021','06/08/2021 10:08:34'),
(3827,40114,26,'24/06/2021 11:34:22','08/07/2021',NULL),
(3831,40135,45,'10/08/2021 11:52:37','24/08/2021','19/08/2021 09:45:28'),
(3830,40121,32,'10/08/2021 10:14:25','24/08/2021','18/08/2021 10:18:44'),
(3832, 40135, 14, '17/08/2021 09:53:14', '31/08/2021', NULL),
(3834, 40111, 18, '17/08/2021 09:08:24', '31/08/2021', '27/08/2021 10:01:43'),
(3835, 40114, 29, '18/08/2021 10:15:07', '01/09/2021', '31/08/2021 11:32:20'),
(3838, 40135, 49, '26/08/2021 09:57:22', '09/09/2021', '03/09/2021 09:13:41'),
(3836, 40114, 46, '26/08/2021 10:19:25', '09/09/2021', '01/09/2021 09:14:18'),
(3839, 40155, 16, '26/08/2021 10:22:01', '09/09/2021', '10/09/2021 10:26:45'),
(3837, 40156, 12, '26/08/2021 11:51:22', '09/09/2021', '13/09/2021 09:17:11'),
(3840, 40156, 39, '31/08/2021 11:46:04', '14/09/2021', '07/09/2021 10:32:42'),
(3844, 40114, 22, '01/09/2021 09:53:14', '15/09/2021', '22/09/2021 12:16:42'),
(3843, 40114, 38, '01/09/2021 10:09:08', '15/09/2021', '10/09/2021 11:19:15'),
(3841, 40135, 33, '01/09/2021 09:25:03', '15/09/2021', '23/09/2021 10:44:34'),
(3842, 40122, 51, '01/09/2021 12:02:00', '15/09/2021', '08/09/2021 11:43:44'),
(3845, 40113, 11, '03/09/2021 10:33:28', '17/09/2021', '09/09/2021 12:11:01'),
(3846, 40114, 49, '03/09/2021 11:23:15', '17/09/2021', '15/09/2021 11:10:45'),
(3848, 40134, 8, '06/09/2021 11:27:50', '20/09/2021', '21/09/2021 09:59:18'),
(3849, 40114, 44, '06/09/2021 09:12:03', '20/09/2021', '23/09/2021 10:45:25'),
(3847, 40111, 28, '06/09/2021 10:56:07', '20/09/2021', '03/11/2021 12:57:47'),
(3851, 40153, 30, '08/09/2021 11:32:59', '22/09/2021', '27/09/2021 10:42:37'),
(3850, 40156, 9, '08/09/2021 09:24:53', '22/09/2021', '21/09/2021 10:58:16'),
(3853, 40154, 32, '09/09/2021 10:47:29', '23/09/2021', '24/09/2021 09:12:20'),
(3852, 40156, 35, '09/09/2021 09:37:56', '23/09/2021', '22/09/2021 11:48:35'),
(3856, 40122, 45, '13/09/2021 10:08:34', '27/09/2021', '27/09/2021 09:09:59'),
(3855, 40111, 20, '13/09/2021 11:35:43', '27/09/2021', '24/09/2021 09:15:19'),
(3854, 40158, 29, '13/09/2021 10:21:38', '27/09/2021', '29/09/2021 12:20:49'),
(3858, 40113, 18, '14/09/2021 12:53:02', '28/09/2021', '21/09/2021 11:28:35'),
(3857, 40114, 36, '14/09/2021 11:58:24', '28/09/2021', '29/09/2021 10:49:16'),
(3859, 40113, 42, '14/09/2021 11:06:40', '28/09/2021', '28/09/2021 10:36:23'),
(3860, 40156, 49, '15/09/2021 09:43:15', '29/09/2021', '11/10/2021 11:14:59'),
(3861, 40114, 51, '15/09/2021 10:10:30', '29/09/2021', '29/09/2021 10:40:14'),
(3862, 40111, 19, '16/09/2021 11:56:18', '30/09/2021', '22/09/2021 12:47:32'),
(3863, 40111, 34, '16/09/2021 10:36:39', '30/09/2021', '29/10/2021 12:38:10'),
(3864, 40122, 44, '23/09/2021 09:36:46', '07/10/2021', '30/09/2021 09:53:34'),
(3865, 40114, 32, '24/09/2021 09:57:28', '08/10/2021', '06/10/2021 11:56:13'),
(3867, 40158, 42, '30/09/2021 09:19:32', '14/10/2021', '06/10/2021 10:10:04'),
(3866, 40121, 13, '30/09/2021 10:28:11', '14/10/2021', '11/10/2021 11:32:36'),
(3868, 40153, 18, '05/10/2021 11:23:13', '19/10/2021', '28/10/2021 09:41:56'),
(3869, 40111, 10, '06/10/2021 10:19:53', '20/10/2021', '12/10/2021 10:44:23'),
(3870, 40105, 33, '06/10/2021 10:51:26', '20/10/2021', '15/10/2021 09:53:37'),
(3871, 40114, 12, '06/10/2021 11:43:04', '20/10/2021', '25/10/2021 09:13:19'),
(3873, 40122, 46, '07/10/2021 09:55:29', '21/10/2021', '19/10/2021 12:57:47'),
(3875, 40121, 39, '07/10/2021 10:29:18', '21/10/2021', '20/10/2021 10:43:03'),
(3872, 40156, 40, '07/10/2021 11:27:01', '21/10/2021', '15/10/2021 09:47:38'),
(3874, 40155, 45, '07/10/2021 11:41:02', '21/10/2021', '10/02/2022 11:45:09'),
(3876, 40153, 44, '08/10/2021 09:55:02', '22/10/2021', '22/10/2021 10:22:09'),
(3878, 40114, 32, '08/10/2021 10:09:35', '22/10/2021', '20/10/2021 09:44:33'),
(3877, 40156, 15, '08/10/2021 11:32:14', '22/10/2021', '20/10/2021 10:10:34'),
(3879, 40155, 49, '11/10/2021 10:04:39', '25/10/2021', '22/10/2021 09:45:01'),
(3882, 40152, 38, '15/10/2021 10:59:26', '29/10/2021', '27/10/2021 12:06:58'),
(3881, 40154, 42, '15/10/2021 10:23:15', '29/10/2021', '22/10/2021 17:45:34'),
(3880, 40114, 33, '15/10/2021 11:42:56', '29/10/2021', '29/10/2021 19:15:27'),
(3883, 40152, 6, '19/10/2021 14:03:29', '02/11/2021', '07/02/2022 13:35:12'),
(3885, 40135, 17, '19/10/2021 09:54:48', '02/11/2021', '05/11/2021 11:25:21'),
(3886, 40105, 10, '19/10/2021 11:15:03', '02/11/2021', '22/10/2021 09:37:44'),
(3884, 40111, 4, '19/10/2021 16:45:17', '02/11/2021', '25/10/2021 15:59:53'),
(3887, 40157, 21, '25/10/2021 10:30:42', '08/11/2021', '05/11/2021 09:30:15'),
(3890, 40158, 12, '28/10/2021 09:00:00', '11/11/2021', '09/11/2021 10:07:38'),
(3889, 40153, 16, '28/10/2021 10:07:19', '11/11/2021', '09/11/2021 09:52:06'),
(3888, 40158, 18, '28/10/2021 10:52:06', '11/11/2021', '09/11/2021 10:43:45'),
(3891, 40154, 5, '28/10/2021 10:38:53', '11/11/2021', '04/11/2021 10:30:30'),
(3892, 40154, 50, '28/10/2021 09:45:34', '11/11/2021', '12/11/2021 09:15:59'),
(3893, 40155, 42, '08/11/2021 09:15:51', '22/11/2021', '10/11/2021 10:58:13'),
(3894, 40135, 46, '22/11/2021 09:30:04', '06/12/2021', '24/11/2021 10:45:31'),
(3896, 40134, 9, '24/11/2021 10:14:19', '08/12/2021', '28/02/2022 09:30:53'),
(3895, 40155, 28, '24/11/2021 09:00:00', '08/12/2021', '29/11/2021 10:01:10'),
(3902, 40152, 34, '26/11/2021 09:52:42', '10/12/2021', '23/02/2022 09:45:21'),
(3900, 40134, 37, '26/11/2021 09:45:21', '10/12/2021', '10/02/2022 10:14:19'),
(3897, 40157, 16, '26/11/2021 09:00:00', '10/12/2021', NULL),
(3901, 40156, 44, '26/11/2021 10:21:28', '10/12/2021', '09/02/2022 09:30:12'),
(3898, 40154, 47, '26/11/2021 09:00:00', '10/12/2021', NULL),
(3899, 40157, 46, '26/11/2021 09:45:31', '10/12/2021', '15/03/2022 10:12:08'),
(3903, 40113, 7, '29/11/2021 10:12:08', '13/12/2021', '15/03/2022 09:30:42'),
(3904, 40135, 6, '07/02/2022 10:45:12', '21/02/2022', '25/02/2022 09:21:35'),
(3907, 40113, 11, '07/02/2022 09:37:44', '21/02/2022', '15/02/2022 09:00:00'),
(3905, 40151, 33, '07/02/2022 11:32:45', '21/02/2022', '01/03/2022 17:45:12'),
(3908, 40156, 4, '07/02/2022 15:10:23', '21/02/2022', '17/02/2022 13:28:57'),
(3906, 40105, 28, '07/02/2022 13:54:36', '21/02/2022', '10/02/2022 09:12:48'),
(3909, 40105, 44, '09/02/2022 10:37:21', '23/02/2022', '24/02/2022 14:45:09'),
(3910, 40153, 45, '10/02/2022 09:45:12', '24/02/2022', '16/02/2022 18:23:54'),
(3912, 40101, 24, '14/02/2022 16:30:45', '28/02/2022', '28/02/2022 10:54:36'),
(3914, 40156, 27, '14/02/2022 14:15:09', '28/02/2022', '24/02/2022 11:48:29'),
(3911, 40152, 37, '14/02/2022 12:48:29', '28/02/2022', '21/02/2022 16:30:45'),
(3913, 40102, 51, '14/02/2022 17:45:12', '28/02/2022', '28/02/2022 13:10:23'),
(3916, 40155, 8, '15/02/2022 09:00:00', '01/03/2022', '02/03/2022 12:34:57'),
(3915, 40114, 20, '15/02/2022 10:54:36', '01/03/2022', '21/02/2022 15:10:23'),
(3917, 40135, 45, '16/02/2022 13:28:57', '02/03/2022', '09/03/2022 16:30:45'),
(3918, 40105, 34, '23/02/2022 15:10:23', '09/03/2022', '14/03/2022 14:15:09'),
(3920, 40122, 35, '23/02/2022 17:45:12', '09/03/2022', '15/03/2022 10:37:21'),
(3919, 40115, 25, '23/02/2022 09:45:12', '09/03/2022', '01/03/2022 11:48:29'),
(3921, 40155, 4, '24/02/2022 11:48:29', '10/03/2022', '10/03/2022 13:54:36'),
(3923, 40112, 17, '28/02/2022 14:45:09', '14/03/2022', '30/03/2022 17:45:12'),
(3922, 40151, 5, '28/02/2022 16:30:45', '14/03/2022', '08/03/2022 14:15:09'),
(3924, 40123, 25, '01/03/2022 18:23:54', '15/03/2022', '11/03/2022 09:54:36'),
(3925, 40105, 33, '01/03/2022 09:54:36', '15/03/2022', '16/03/2022 15:10:23'),
(3927, 40101, 18, '03/03/2022 14:45:09', '17/03/2022', '14/03/2022 11:48:29'),
(3926, 40156, 10, '03/03/2022 10:37:21', '17/03/2022', '24/03/2022 13:28:57'),
(3929, 40148, 22, '08/03/2022 12:34:57', '22/03/2022', '22/03/2022 16:30:45'),
(3930, 40121, 50, '08/03/2022 14:15:09', '22/03/2022', '21/03/2022 09:54:36'),
(3928, 40148, 48, '08/03/2022 13:28:57', '22/03/2022', '23/03/2022 14:45:09'),
(3933, 40111, 40, '10/03/2022 11:48:29', '24/03/2022', '17/03/2022 18:23:54'),
(3932, 40135, 11, '10/03/2022 10:54:36', '24/03/2022', '16/03/2022 15:10:23'),
(3931, 40149, 9, '10/03/2022 09:54:36', '24/03/2022', '24/03/2022 10:37:21'),
(3934, 40156, 4, '11/03/2022 09:00:00', '25/03/2022', '30/03/2022 11:48:29'),
(3935, 40148, 28, '11/03/2022 11:48:29', '25/03/2022', '28/03/2022 14:15:09'),
(3937, 40158, 44, '14/03/2022 13:28:57', '28/03/2022', '29/03/2022 16:30:45'),
(3936, 40155, 34, '14/03/2022 14:45:09', '28/03/2022', '22/04/2022 12:34:57'),
(3938, 40125, 19, '14/03/2022 15:10:23', '28/03/2022', '30/03/2022 10:54:36'),
(3939, 40104, 46, '15/03/2022 09:54:36', '29/03/2022', '12/04/2022 13:28:57'),
(3940, 40125, 33, '16/03/2022 11:48:29', '30/03/2022', '28/03/2022 14:15:09'),
(3941, 40111, 7, '16/03/2022 14:15:09', '30/03/2022', '02/05/2022 16:30:45'),
(3942, 40147, 35, '16/03/2022 16:30:45', '30/03/2022', '30/03/2022 18:23:54'),
(3943, 40155, 48, '23/03/2022 17:45:12', '06/04/2022', '01/04/2022 09:00:00'),
(3944, 40115, 10, '24/03/2022 09:00:00', '07/04/2022', '07/04/2022 10:54:36'),
(3946, 40104, 27, '25/03/2022 10:54:36', '08/04/2022', '31/03/2022 14:45:09'),
(3945, 40135, 39, '25/03/2022 11:48:29', '08/04/2022', '06/05/2022 14:15:09'),
(3947, 40152, 33, '28/03/2022 16:30:45', '11/04/2022', '03/05/2022 12:34:57'),
(3949, 40114, 36, '28/03/2022 18:23:54', '11/04/2022', '07/04/2022 13:28:57'),
(3948, 40152, 8, '28/03/2022 14:45:09', '11/04/2022', '13/04/2022 09:54:36'),
(3952, 40153, 13, '08/04/2022 16:30:45', '22/04/2022', '25/04/2022 13:28:57'),
(3953, 40125, 32, '08/04/2022 12:34:57', '22/04/2022', NULL),
(3951, 40111, 23, '08/04/2022 13:28:57', '22/04/2022', '25/04/2022 15:10:23'),
(3950, 40113, 6, '08/04/2022 10:54:36', '22/04/2022', '15/04/2022 11:48:29'),
(3954, 40123, 40, '11/04/2022 13:28:57', '25/04/2022', '29/04/2022 18:23:54'),
(3955, 40104, 21, '11/04/2022 14:45:09', '25/04/2022', '28/04/2022 11:48:29'),
(3956, 40102, 50, '11/04/2022 16:30:45', '25/04/2022', '15/04/2022 10:54:36'),
(3957, 40102, 46, '12/04/2022 09:54:36', '26/04/2022', '04/05/2022 13:28:57'),
(3959, 40152, 42, '12/04/2022 16:30:45', '26/04/2022', '22/04/2022 10:54:36'),
(3958, 40153, 4, '12/04/2022 18:23:54', '26/04/2022', '29/04/2022 14:15:09'),
(3961, 40113, 24, '13/04/2022 11:48:29', '27/04/2022', '29/04/2022 14:15:09'),
(3962, 40123, 48, '13/04/2022 14:15:09', '27/04/2022', '18/04/2022 16:30:45'),
(3960, 40149, 45, '13/04/2022 13:28:57', '27/04/2022', '26/04/2022 09:54:36'),
(3963, 40153, 12, '18/04/2022 09:54:36', '02/05/2022', '02/05/2022 10:54:36'),
(3964, 40123, 5, '18/04/2022 10:54:36', '02/05/2022', '02/05/2022 12:34:57'),
(3965, 40144, 13, '25/04/2022 11:48:29', '09/05/2022', '13/05/2022 13:28:57'),
(3967, 40121, 18, '28/04/2022 12:34:57', '12/05/2022', '11/05/2022 16:30:45'),
(3966, 40111, 9, '28/04/2022 09:54:36', '12/05/2022', '12/05/2022 14:45:09'),
(3968, 40104, 35, '28/04/2022 14:15:09', '12/05/2022', '20/05/2022 15:10:23'),
(3970, 40157, 45, '29/04/2022 16:30:45', '13/05/2022', '11/05/2022 11:48:29'),
(3971, 40113, 24, '29/04/2022 18:23:54', '13/05/2022', '02/05/2022 16:30:45'),
(3969, 40134, 40, '29/04/2022 14:15:09', '13/05/2022', '13/05/2022 18:23:54'),
(3972, 40113, 21, '29/04/2022 15:10:23', '13/05/2022', '06/05/2022 13:28:57'),
(3973, 40101, 23, '02/05/2022 16:30:45', '16/05/2022', '25/05/2022 14:45:09'),
(3974, 40125, 33, '03/05/2022 11:48:29', '17/05/2022', '24/05/2022 13:28:57'),
(3975, 40157, 39, '06/05/2022 15:10:23', '20/05/2022', '24/05/2022 10:54:36'),
(3976, 40113, 48, '10/05/2022 14:45:09', '24/05/2022', '25/05/2022 11:48:29'),
(3979, 40101, 31, '11/05/2022 15:10:23', '25/05/2022', '25/05/2022 09:54:36'),
(3978, 40135, 51, '11/05/2022 10:54:36', '25/05/2022', '18/05/2022 14:15:09'),
(3977, 40101, 45, '11/05/2022 09:54:36', '25/05/2022', '01/06/2022 13:28:57'),
(3980, 40157, 5, '11/05/2022 11:48:29', '25/05/2022', '01/06/2022 14:45:09'),
(3981, 40121, 9, '12/05/2022 14:15:09', '26/05/2022', '25/05/2022 16:30:45'),
(3982, 40125, 51, '18/05/2022 13:28:57', '01/06/2022', '15/06/2022 12:34:57'),
(3983, 40112, 40, '19/05/2022 09:54:36', '02/06/2022', '09/06/2022 16:30:45'),
(3984, 40135, 7, '19/05/2022 11:48:29', '02/06/2022', '24/05/2022 10:54:36'),
(3985, 40145, 6, '23/05/2022 12:34:57', '06/06/2022', '02/06/2022 11:48:29'),
(3987, 40101, 8, '23/05/2022 16:30:45', '06/06/2022', '09/06/2022 13:28:57'),
(3986, 40147, 22, '23/05/2022 14:15:09', '06/06/2022', '02/06/2022 15:10:23'),
(3988, 40152, 39, '24/05/2022 13:28:57', '07/06/2022', '08/06/2022 14:15:09'),
(3990, 40151, 48, '25/05/2022 14:45:09', '08/06/2022', '06/06/2022 10:54:36'),
(3989, 40101, 23, '25/05/2022 09:54:36', '08/06/2022', '15/06/2022 15:10:23'),
(3991, 40152, 29, '25/05/2022 11:48:29', '08/06/2022', '09/06/2022 16:30:45'),
(3994, 40148, 15, '31/05/2022 14:15:09', '14/06/2022', '15/06/2022 10:54:36'),
(3993, 40149, 38, '31/05/2022 16:30:45', '14/06/2022', '15/06/2022 10:54:36'),
(3992, 40145, 33, '31/05/2022 15:10:23', '14/06/2022', '03/06/2022 16:30:45'),
(3996, 40151, 45, '01/06/2022 15:10:23', '15/06/2022', '21/06/2022 10:54:36'),
(3995, 40147, 20, '01/06/2022 08:00:00', '15/06/2022', '03/06/2022 16:30:45'),
(3997, 40145, 22, '02/06/2022 10:54:36', '16/06/2022', '22/06/2022 14:15:09'),
(3999, 40144, 35, '03/06/2022 09:54:36', '17/06/2022', '10/06/2022 13:28:57'),
(3998, 40144, 6, '03/06/2022 10:54:36', '17/06/2022', '17/06/2022 08:00:00'),
(4001, 40148, 7, '06/06/2022 11:45:30', '20/06/2022', '21/06/2022 15:20:25'),
(4004, 40134, 49, '06/06/2022 16:30:15', '20/06/2022', '08/06/2022 10:50:40'),
(4002, 40112, 37, '06/06/2022 13:20:45', '20/06/2022', '20/06/2022 17:15:55'),
(4000, 40154, 48, '06/06/2022 09:55:20', '20/06/2022', '23/06/2022 09:45:30'),
(4003, 40115, 44, '06/06/2022 18:10:10', '20/06/2022', '23/06/2022 12:30:15'),
(4005, 40144, 4, '07/06/2022 10:35:50', '21/06/2022', '14/06/2022 14:40:35'),
(4006, 40115, 46, '07/06/2022 14:50:25', '21/06/2022', '14/06/2022 11:50:20'),
(4008, 40149, 5, '07/06/2022 12:15:25', '21/06/2022', '16/06/2022 16:25:40'),
(4007, 40112, 27, '07/06/2022 17:30:15', '21/06/2022', '17/06/2022 09:55:50'),
(4009, 40147, 24, '08/06/2022 10:20:55', '22/06/2022', '14/06/2022 15:45:30'),
(4010, 40143, 19, '08/06/2022 15:45:20', '22/06/2022', '15/06/2022 13:10:35'),
(4011, 40143, 42, '08/06/2022 09:25:50', '22/06/2022', '14/06/2022 09:10:45'),
(4013, 40134, 49, '09/06/2022 11:55:30', '23/06/2022', '17/06/2022 13:30:30'),
(4015, 40157, 30, '09/06/2022 14:10:15', '23/06/2022', '23/06/2022 09:15:25'),
(4014, 40113, 39, '09/06/2022 09:30:50', '23/06/2022', '16/06/2022 16:05:50'),
(4012, 40155, 40, '09/06/2022 11:45:35', '23/06/2022', '20/06/2022 10:30:25'),
(4016, 40104, 9, '10/06/2022 15:20:35', '24/06/2022', '20/06/2022 16:50:45'),
(4017, 40111, 17, '10/06/2022 13:45:20', '24/06/2022', '15/06/2022 11:40:25'),
(4019, 40134, 35, '10/06/2022 16:30:50', '24/06/2022', '20/06/2022 12:30:45'),
(4018, 40152, 36, '10/06/2022 14:15:35', '24/06/2022', '27/06/2022 09:40:50'),
(4021, 40153, 34, '13/06/2022 12:20:15', '27/06/2022', '22/06/2022 16:25:45'),
(4020, 40131, 29, '13/06/2022 16:45:30', '27/06/2022', '28/06/2022 10:45:40'),
(4022, 40153, 11, '13/06/2022 13:10:10', '27/06/2022', NULL),
(4024, 40158, 31, '16/06/2022 10:30:40', '30/06/2022', '28/06/2022 14:35:35'),
(4023, 40156, 15, '16/06/2022 16:55:55', '30/06/2022', '09/09/2022 09:10:50'),
(4026, 40135, 17, '17/06/2022 10:20:15', '01/07/2022', '23/09/2022 17:50:10'),
(4027, 40114, 8, '17/06/2022 13:05:30', '01/07/2022', '15/08/2022 13:50:15'),
(4025, 40125, 24, '17/06/2022 16:50:40', '01/07/2022', '26/10/2022 10:25:25'),
(4028, 40111, 7, '21/06/2022 12:40:55', '05/07/2022', '02/08/2022 17:25:15'),
(4029, 40135, 45, '21/06/2022 09:25:50', '05/07/2022', '29/06/2022 16:20:20'),
(4030, 40113, 34, '22/06/2022 11:10:35', '06/07/2022', '09/08/2022 14:35:45'),
(4032, 40102, 42, '23/06/2022 14:55:20', '07/07/2022', '22/08/2022 11:20:35'),
(4033, 40104, 30, '23/06/2022 10:40:05', '07/07/2022', '06/10/2022 15:45:55'),
(4031, 40115, 37, '23/06/2022 09:05:25', '07/07/2022', NULL),
(4034, 40105, 51, '24/06/2022 13:20:35', '08/07/2022', '10/08/2022 09:30:45'),
(4035, 40144, 10, '24/06/2022 15:35:30', '08/07/2022', '30/06/2022 15:15:25'),
(4036, 40125, 29, '28/06/2022 17:50:45', '12/07/2022', '24/08/2022 12:40:55'),
(4038, 40158, 40, '30/06/2022 15:25:20', '14/07/2022', '07/10/2022 10:45:15'),
(4039, 40143, 13, '30/06/2022 11:00:55', '14/07/2022', '07/09/2022 13:55:50'),
(4037, 40101, 6, '30/06/2022 10:15:25', '14/07/2022', '06/09/2022 14:10:35'),
(4040, 40111, 9, '01/08/2022 12:30:40', '15/08/2022', '16/08/2022 16:10:15'),
(4041, 40113, 7, '02/08/2022 14:45:55', '16/08/2022', '09/08/2022 10:35:25'),
(4043, 40147, 44, '04/08/2022 16:00:10', '18/08/2022', '19/08/2022 12:05:30'),
(4042, 40141, 19, '04/08/2022 09:15:30', '18/08/2022', '08/08/2022 16:30:45'),
(4044, 40144, 27, '08/08/2022 18:10:15', '22/08/2022', '19/08/2022 09:55:20'),
(4045, 40149, 23, '08/08/2022 12:05:25', '22/08/2022', '06/09/2022 16:15:35'),
(4046, 40104, 19, '09/08/2022 10:30:45', '23/08/2022', '25/08/2022 14:20:35'),
(4047, 40104, 51, '10/08/2022 15:45:50', '24/08/2022', '19/08/2022 10:30:25'),
(4048, 40145, 50, '11/08/2022 14:05:35', '25/08/2022', '18/08/2022 16:30:45'),
(4049, 40122, 28, '12/08/2022 11:20:25', '26/08/2022', '22/08/2022 12:35:30'),
(4050, 40101, 8, '15/08/2022 12:30:40', '29/08/2022', '24/08/2022 10:15:25'),
(4055, 40143, 5, '19/08/2022 09:55:30', '02/09/2022', '24/08/2022 17:45:35'),
(4054, 40111, 27, '19/08/2022 14:10:15', '02/09/2022', '05/09/2022 11:20:25'),
(4052, 40102, 22, '19/08/2022 10:35:50', '02/09/2022', '05/09/2022 11:30:35'),
(4051, 40141, 51, '19/08/2022 12:25:45', '02/09/2022', '31/08/2022 14:35:30'),
(4053, 40113, 12, '19/08/2022 16:55:55', '02/09/2022', '02/09/2022 14:55:50'),
(4057, 40141, 25, '23/08/2022 10:15:25', '06/09/2022', '01/09/2022 11:25:35'),
(4058, 40134, 50, '23/08/2022 14:35:45', '06/09/2022', '09/09/2022 10:25:25'),
(4056, 40125, 18, '23/08/2022 17:50:55', '06/09/2022', '30/09/2022 09:40:50'),
(4060, 40144, 9, '29/08/2022 15:55:45', '12/09/2022', '08/09/2022 14:20:45'),
(4059, 40122, 35, '29/08/2022 14:30:25', '12/09/2022', '09/09/2022 15:55:50'),
(4061, 40123, 5, '29/08/2022 14:30:35', '12/09/2022', '09/09/2022 09:50:20'),
(4063, 40147, 34, '30/08/2022 16:05:25', '13/09/2022', '09/09/2022 12:30:50'),
(4062, 40101, 45, '30/08/2022 14:30:35', '13/09/2022', '31/08/2022 09:35:45'),
(4064, 40157, 4, '31/08/2022 13:20:35', '14/09/2022', '05/09/2022 15:35:25'),
(4065, 40144, 25, '01/09/2022 09:55:45', '15/09/2022', '14/09/2022 15:10:45'),
(4066, 40158, 23, '06/09/2022 10:25:25', '20/09/2022', '22/09/2022 13:45:35'),
(4068, 40115, 29, '06/09/2022 09:10:45', '20/09/2022', '19/09/2022 10:40:50'),
(4067, 40104, 28, '06/09/2022 14:25:30', '20/09/2022', '16/09/2022 11:25:35'),
(4070, 40145, 48, '08/09/2022 15:20:45', '22/09/2022', '29/09/2022 10:35:50'),
(4069, 40152, 9, '08/09/2022 12:55:25', '22/09/2022', '27/09/2022 15:20:25'),
(4073, 40144, 49, '08/09/2022 10:35:50', '22/09/2022', '14/09/2022 12:15:45'),
(4071, 40158, 12, '08/09/2022 14:35:35', '22/09/2022', '29/09/2022 10:50:55'),
(4072, 40115, 8, '08/09/2022 17:50:55', '22/09/2022', '26/09/2022 13:15:50'),
(4074, 40105, 15, '09/09/2022 12:30:35', '23/09/2022', '27/09/2022 15:45:55'),
(4075, 40151, 35, '09/09/2022 11:20:35', '23/09/2022', '15/09/2022 10:30:25'),
(4076, 40155, 46, '12/09/2022 16:25:45', '26/09/2022', '03/11/2022 09:10:35'),
(4077, 40104, 42, '12/09/2022 11:25:25', '26/09/2022', '27/09/2022 11:50:20'),
(4078, 40135, 6, '13/09/2022 12:40:55', '27/09/2022', '23/09/2022 15:15:35'),
(4079, 40121, 25, '14/09/2022 14:50:50', '28/09/2022', '16/09/2022 13:05:25'),
(4080, 40123, 51, '15/09/2022 11:45:35', '29/09/2022', '29/09/2022 16:20:45'),
(4081, 40134, 28, '16/09/2022 09:10:25', '30/09/2022', '19/10/2022 11:30:50'),
(4084, 40131, 27, '21/09/2022 14:25:45', '05/10/2022', '28/09/2022 10:35:35'),
(4083, 40105, 13, '21/09/2022 11:35:30', '05/10/2022', '30/09/2022 15:25:25'),
(4082, 40145, 31, '21/09/2022 14:40:45', '05/10/2022', '23/09/2022 09:45:50'),
(4087, 40115, 29, '22/09/2022 16:30:35', '06/10/2022', '30/09/2022 11:45:25'),
(4085, 40145, 23, '22/09/2022 13:05:25', '06/10/2022', '06/10/2022 13:50:40'),
(4086, 40115, 34, '22/09/2022 13:05:35', '06/10/2022', '05/10/2022 15:20:35'),
(4088, 40123, 15, '27/09/2022 10:40:45', '11/10/2022', '07/10/2022 14:15:45'),
(4089, 40112, 48, '29/09/2022 15:10:35', '13/10/2022', '04/10/2022 16:20:25'),
(4090, 40141, 18, '30/09/2022 16:30:45', '14/10/2022', '17/10/2022 13:55:30'),
(4093, 40151, 50, '03/10/2022 09:40:50', '17/10/2022', '06/10/2022 10:15:35'),
(4092, 40114, 27, '03/10/2022 13:05:30', '17/10/2022', '12/10/2022 11:10:25'),
(4091, 40103, 45, '03/10/2022 13:50:45', '17/10/2022', '17/10/2022 13:40:35'),
(4094, 40149, 30, '06/10/2022 09:20:25', '20/10/2022', '07/10/2022 12:35:30'),
(4096, 40125, 6, '07/10/2022 09:10:35', '21/10/2022', '10/10/2022 16:05:45'),
(4095, 40156, 30, '07/10/2022 09:10:35', '21/10/2022', '20/10/2022 14:25:45'),
(4097, 40103, 36, '07/10/2022 10:55:25', '21/10/2022', NULL),
(4098, 40143, 12, '07/10/2022 11:30:35', '21/10/2022', '18/10/2022 13:45:50'),
(4100, 40157, 9, '10/10/2022 09:50:55', '24/10/2022', '25/10/2022 10:55:35'),
(4101, 40122, 6, '10/10/2022 09:10:25', '24/10/2022', '25/10/2022 16:15:45'),
(4099, 40102, 41, '10/10/2022 14:40:45', '24/10/2022', '24/10/2022 09:40:55'),
(4102, 40149, 35, '10/10/2022 15:25:25', '24/10/2022', '19/10/2022 11:55:30'),
(4103, 40153, 44, '11/10/2022 12:30:35', '25/10/2022', '14/10/2022 09:25:25'),
(4104, 40151, 33, '11/10/2022 14:15:45', '25/10/2022', '24/10/2022 10:35:35'),
(4105, 40158, 19, '12/10/2022 09:45:50', '26/10/2022', '19/10/2022 15:30:35'),
(4106, 40134, 18, '17/10/2022 11:45:25', '31/10/2022', '14/11/2022 13:50:50'),
(4107, 40102, 13, '17/10/2022 10:10:35', '31/10/2022', '25/10/2022 11:15:45'),
(4109, 40113, 31, '18/10/2022 11:35:30', '01/11/2022', '08/11/2022 12:30:55'),
(4108, 40144, 25, '18/10/2022 15:50:40', '01/11/2022', '01/11/2022 11:10:35'),
(4112, 40144, 43, '19/10/2022 14:40:45', '02/11/2022', '27/10/2022 09:05:25'),
(4111, 40125, 34, '19/10/2022 09:50:20', '02/11/2022', '03/11/2022 14:20:35'),
(4110, 40152, 23, '19/10/2022 15:35:30', '02/11/2022', '07/11/2022 11:10:25'),
(4113, 40148, 30, '20/10/2022 16:25:45', '03/11/2022', '03/11/2022 11:30:35'),
(4114, 40154, 50, '21/10/2022 10:30:25', '04/11/2022', '04/11/2022 13:30:40'),
(4115, 40124, 27, '21/10/2022 15:15:35', '04/11/2022', '31/10/2022 13:15:45'),
(4116, 40103, 9, '25/10/2022 13:20:45', '08/11/2022', '10/11/2022 15:20:35'),
(4117, 40147, 24, '26/10/2022 11:50:20', '09/11/2022', '11/11/2022 10:10:35'),
(4118, 40145, 28, '28/10/2022 13:25:25', '11/11/2022', '01/11/2022 12:05:25'),
(4121, 40113, 20, '03/11/2022 14:55:45', '17/11/2022', '15/11/2022 09:40:55'),
(4119, 40131, 30, '03/11/2022 10:05:35', '17/11/2022', '06/03/2023 14:25:45'),
(4120, 40105, 34, '03/11/2022 15:55:25', '17/11/2022', '09/11/2022 15:45:50'),
(4123, 40104, 4, '03/11/2022 11:55:35', '17/11/2022', '15/11/2022 10:25:25'),
(4122, 40147, 7, '03/11/2022 15:40:35', '17/11/2022', '22/11/2022 10:55:35'),
(4125, 40114, 49, '07/11/2022 14:05:30', '21/11/2022', '21/11/2022 12:15:45'),
(4124, 40146, 44, '07/11/2022 15:10:45', '21/11/2022', '24/11/2022 11:25:35'),
(4127, 40145, 45, '08/11/2022 16:05:35', '22/11/2022', '16/11/2022 10:45:50'),
(4126, 40115, 15, '08/11/2022 13:30:50', '22/11/2022', '14/11/2022 09:55:45'),
(4128, 40143, 17, '08/11/2022 15:40:55', '22/11/2022', '24/11/2022 11:35:30'),
(4129, 40145, 35, '09/11/2022 10:40:45', '23/11/2022', '16/11/2022 14:10:35'),
(4131, 40124, 31, '11/11/2022 12:05:25', '25/11/2022', '21/11/2022 13:50:55'),
(4132, 40115, 33, '11/11/2022 15:55:35', '25/11/2022', '02/02/2023 14:25:25'),
(4130, 40144, 29, '11/11/2022 11:15:35', '25/11/2022', '15/11/2022 09:35:30'),
(4133, 40155, 21, '11/11/2022 16:20:45', '25/11/2022', NULL),
(4134, 40141, 8, '14/11/2022 13:05:30', '28/11/2022', '29/11/2022 15:10:35'),
(4135, 40105, 41, '14/11/2022 13:30:45', '28/11/2022', '22/11/2022 11:55:35'),
(4136, 40148, 28, '14/11/2022 16:20:45', '28/11/2022', '21/11/2022 12:25:35'),
(4137, 40122, 5, '15/11/2022 09:45:50', '29/11/2022', '23/11/2022 14:20:45'),
(4138, 40145, 43, '16/11/2022 10:10:35', '30/11/2022', '22/11/2022 10:50:55'),
(4140, 40112, 4, '17/11/2022 11:20:35', '01/12/2022', '25/11/2022 16:05:45'),
(4141, 40123, 46, '17/11/2022 16:30:45', '01/12/2022', '06/02/2023 10:25:25'),
(4139, 40145, 48, '17/11/2022 12:35:30', '01/12/2022', '17/03/2023 09:45:50'),
(4142, 40145, 10, '18/11/2022 09:45:50', '02/12/2022', NULL),
(4143, 40105, 42, '18/11/2022 11:40:45', '02/12/2022', NULL),
(4144, 40131, 9, '18/11/2022 15:05:25', '02/12/2022', '23/11/2022 12:35:30'),
(4146, 40113, 12, '22/11/2022 14:10:35', '06/12/2022', '30/11/2022 11:20:35'),
(4148, 40124, 43, '22/11/2022 14:25:45', '06/12/2022', '29/11/2022 11:35:30'),
(4147, 40125, 39, '22/11/2022 10:55:35', '06/12/2022', NULL),
(4145, 40103, 41, '22/11/2022 11:40:45', '06/12/2022', '30/11/2022 09:25:25'),
(4150, 40156, 6, '23/11/2022 07:15:40', '07/12/2022', '17/04/2023 16:30:45'),
(4152, 40145, 29, '23/11/2022 13:40:35', '07/12/2022', NULL),
(4151, 40113, 35, '23/11/2022 09:10:25', '07/12/2022', '25/11/2022 11:10:35'),
(4149, 40121, 5, '23/11/2022 09:50:55', '07/12/2022', '30/11/2022 14:35:30'),
(4154, 40113, 45, '24/11/2022 14:10:35', '08/12/2022', '29/11/2022 09:20:35'),
(4153, 40142, 17, '24/11/2022 15:30:40', '08/12/2022', '30/11/2022 11:35:30'),
(4155, 40113, 18, '24/11/2022 14:10:35', '08/12/2022', NULL),
(4156, 40105, 35, '25/11/2022 10:10:35', '09/12/2022', NULL),
(4157, 40113, 8, '29/11/2022 10:15:35', '13/12/2022', NULL),
(4158, 40103, 41, '30/11/2022 14:15:45', '14/12/2022', NULL),
(4159, 40135, 17, '30/11/2022 10:25:25', '14/12/2022', NULL),
(4161, 40145, 34, '30/11/2022 11:35:35', '14/12/2022', NULL),
(4160, 40125, 27, '30/11/2022 15:05:45', '14/12/2022', '15/03/2023 14:25:25'),
(4162, 40112, 51, '01/02/2023 09:35:30', '15/02/2023', '28/02/2023 12:55:35'),
(4163, 40114, 12, '02/02/2023 11:10:35', '16/02/2023', '15/02/2023 09:35:30'),
(4164, 40124, 45, '02/02/2023 11:55:35', '16/02/2023', '06/02/2023 10:25:25'),
(4166, 40151, 40, '03/02/2023 10:45:50', '17/02/2023', '10/02/2023 11:30:35'),
(4165, 40122, 28, '03/02/2023 15:35:30', '17/02/2023', '14/02/2023 09:55:45'),
(4167, 40155, 31, '03/02/2023 16:30:45', '17/02/2023', '23/02/2023 13:10:35'),
(4168, 40146, 9, '06/02/2023 14:55:45', '20/02/2023', NULL),
(4169, 40122, 19, '08/02/2023 11:25:25', '22/02/2023', '24/02/2023 09:25:25'),
(4170, 40148, 22, '09/02/2023 10:25:25', '23/02/2023', '10/02/2023 14:45:50'),
(4172, 40121, 4, '14/02/2023 13:40:35', '28/02/2023', '23/02/2023 13:10:35'),
(4171, 40101, 28, '14/02/2023 13:05:30', '28/02/2023', '21/02/2023 09:55:45'),
(4173, 40113, 45, '15/02/2023 11:05:25', '01/03/2023', '06/03/2023 10:25:25'),
(4174, 40135, 12, '15/02/2023 15:10:35', '01/03/2023', '27/02/2023 14:30:45'),
(4175, 40142, 22, '15/02/2023 16:10:35', '01/03/2023', '01/03/2023 10:55:35'),
(4177, 40101, 23, '16/02/2023 13:50:50', '02/03/2023', '22/02/2023 13:50:55'),
(4176, 40113, 43, '16/02/2023 14:55:45', '02/03/2023', '01/03/2023 13:10:35'),
(4179, 40143, 33, '17/02/2023 11:35:30', '03/03/2023', '08/03/2023 13:10:35'),
(4178, 40114, 24, '17/02/2023 14:20:45', '03/03/2023', '20/02/2023 12:35:30'),
(4180, 40155, 49, '17/02/2023 15:30:40', '03/03/2023', '06/03/2023 09:45:50'),
(4181, 40101, 46, '21/02/2023 11:40:45', '07/03/2023', '10/03/2023 10:50:55'),
(4182, 40152, 20, '22/02/2023 10:55:35', '08/03/2023', '13/03/2023 12:55:35'),
(4184, 40149, 24, '23/02/2023 11:55:35', '09/03/2023', '07/03/2023 13:20:45'),
(4183, 40101, 31, '23/02/2023 11:05:25', '09/03/2023', '28/02/2023 09:55:45'),
(4185, 40158, 38, '24/02/2023 12:05:25', '10/03/2023', '31/03/2023 11:55:35'),
(4186, 40149, 40, '27/02/2023 13:20:45', '13/03/2023', '09/03/2023 11:10:35'),
(4187, 40158, 51, '28/02/2023 11:30:35', '14/03/2023', '14/03/2023 12:55:35'),
(4188, 40114, 2, '02/03/2023 14:10:35', '16/03/2023', '08/03/2023 11:30:35'),
(4189, 40156, 28, '03/03/2023 09:35:30', '17/03/2023', NULL),
(4192, 40135, 44, '06/03/2023 11:33:45', '20/03/2023', '23/03/2023 13:05:25'),
(4193, 40103, 43, '06/03/2023 11:25:45', '20/03/2023', '03/04/2023 10:35:35'),
(4190, 40104, 30, '06/03/2023 11:45:50', '20/03/2023', '30/06/2023 14:25:45'),
(4191, 40154, 45, '06/03/2023 11:10:35', '20/03/2023', '16/03/2023 10:35:35'),
(4194, 40131, 24, '07/03/2023 11:35:30', '21/03/2023', '13/03/2023 12:35:30'),
(4196, 40113, 13, '08/03/2023 09:20:35', '22/03/2023', '16/03/2023 11:20:35'),
(4195, 40153, 25, '08/03/2023 16:35:35', '22/03/2023', '23/03/2023 09:55:45'),
(4197, 40152, 19, '09/03/2023 10:25:25', '23/03/2023', '24/03/2023 09:25:25'),
(4199, 40155, 5, '10/03/2023 16:30:35', '24/03/2023', '27/03/2023 10:55:35'),
(4198, 40121, 46, '10/03/2023 13:40:45', '24/03/2023', '14/03/2023 12:55:35'),
(4200, 40113, 46, '14/03/2023 18:10:35', '28/03/2023', '08/08/2023 14:25:45'),
(4203, 40103, 31, '14/03/2023 15:10:35', '28/03/2023', '05/04/2023 10:35:35'),
(4202, 40157, 23, '14/03/2023 09:10:35', '28/03/2023', '28/03/2023 09:10:35'),
(4201, 40131, 51, '14/03/2023 09:10:35', '28/03/2023', '31/03/2023 10:35:35'),
(4204, 40147, 49, '15/03/2023 17:10:35', '29/03/2023', '30/03/2023 13:30:40'),
(4205, 40135, 24, '15/03/2023 19:10:35', '29/03/2023', '22/03/2023 11:05:25'),
(4207, 40111, 27, '16/03/2023 10:10:35', '30/03/2023', '20/03/2023 10:10:35'),
(4206, 40144, 40, '16/03/2023 09:12:35', '30/03/2023', '29/03/2023 11:20:35'),
(4208, 40158, 50, '17/03/2023 09:18:35', '31/03/2023', '07/04/2023 13:10:35'),
(4209, 40113, 45, '20/03/2023 10:35:35', '03/04/2023', '31/03/2023 10:35:35'),
(4210, 40149, 13, '20/03/2023 10:15:35', '03/04/2023', '06/04/2023 11:30:35'),
(4211, 40142, 44, '23/03/2023 10:25:35', '06/04/2023', '03/04/2023 09:55:45'),
(4212, 40156, 25, '23/03/2023 10:05:35', '06/04/2023', '03/04/2023 09:55:45'),
(4213, 40141, 12, '23/03/2023 10:45:35', '06/04/2023', '11/04/2023 10:35:35'),
(4215, 40144, 7, '24/03/2023 11:20:45', '07/04/2023', '10/04/2023 11:05:25'),
(4216, 40152, 15, '24/03/2023 11:20:45', '07/04/2023', '30/03/2023 11:30:35'),
(4214, 40152, 19, '24/03/2023 11:20:45', '07/04/2023', '30/03/2023 11:30:35'),
(4217, 40143, 5, '27/03/2023 10:55:35', '10/04/2023', '05/04/2023 10:35:35'),
(4218, 40154, 40, '29/03/2023 11:15:35', '12/04/2023', '17/04/2023 10:25:25'),
(4219, 40141, 23, '29/03/2023 11:45:35', '12/04/2023', '06/04/2023 10:35:35'),
(4220, 40101, 22, '30/03/2023 12:05:25', '13/04/2023', '20/04/2023 10:55:35'),
(4222, 40125, 51, '31/03/2023 9:20:34', '14/04/2023', '17/04/2023 11:20:45'),
(4223, 40105, 38, '31/03/2023 18:20:23', '14/04/2023', '14/04/2023 09:10:35'),
(4221, 40125, 45, '31/03/2023 9:20:54', '14/04/2023', '10/04/2023 09:10:35'),
(4224, 40102, 44, '03/04/2023 17:25:11', '17/04/2023', '02/05/2023 11:50:55'),
(4226, 40103, 20, '03/04/2023 11:25:32', '17/04/2023', '06/04/2023 11:30:35'),
(4225, 40111, 25, '03/04/2023 14:25:48', '17/04/2023', '09/05/2023 10:55:35'),
(4227, 40115, 31, '05/04/2023 10:35:35', '19/04/2023', '19/04/2023 10:35:35'),
(4228, 40125, 23, '06/04/2023 11:20:45', '20/04/2023', '21/04/2023 11:25:50'),
(4229, 40112, 15, '07/04/2023 10:55:35', '21/04/2023', '19/04/2023 11:05:25'),
(4231, 40157, 7, '10/04/2023 13:25:52', '24/04/2023', '27/04/2023 13:20:45'),
(4232, 40122, 20, '10/04/2023 16:25:56', '24/04/2023', '04/05/2023 10:55:35'),
(4233, 40147, 13, '10/04/2023 12:25:59', '24/04/2023', '27/04/2023 11:15:30'),
(4230, 40157, 45, '10/04/2023 15:25:33', '24/04/2023', '10/05/2023 09:55:45'),
(4234, 40146, 12, '11/04/2023 14:30:55', '25/04/2023', '20/04/2023 13:30:40'),
(4235, 40148, 19, '12/04/2023 14:15:45', '26/04/2023', '28/04/2023 09:25:25'),
(4237, 40124, 50, '14/04/2023 09:25:50', '28/04/2023', '03/05/2023 10:35:35'),
(4236, 40134, 38, '14/04/2023 10:25:50', '28/04/2023', '01/05/2023 10:45:45'),
(4238, 40105, 6, '17/04/2023 12:40:55', '01/05/2023', '04/05/2023 10:55:35'),
(4239, 40145, 51, '17/04/2023 12:40:55', '01/05/2023', '04/05/2023 10:55:35'),
(4240, 40101, 31, '19/04/2023 10:35:35', '03/05/2023', '24/04/2023 11:05:25'),
(4241, 40154, 22, '20/04/2023 11:25:50', '04/05/2023', '05/05/2023 11:25:50'),
(4242, 40154, 27, '24/04/2023 13:30:40', '08/05/2023', '03/05/2023 11:25:50'),
(4243, 40112, 2, '25/04/2023 14:45:50', '09/05/2023', '07/06/2023 09:45:50'),
(4244, 40102, 15, '26/04/2023 10:25:25', '10/05/2023', '02/05/2023 11:50:55'),
(4245, 40152, 7, '27/04/2023 11:15:30', '11/05/2023', '05/06/2023 10:35:35'),
(4248, 40122, 4, '28/04/2023 14:30:45', '12/05/2023', '24/05/2023 17:20:30'),
(4247, 40111, 12, '28/04/2023 17:10:15', '12/05/2023', '17/05/2023 14:45:55'),
(4246, 40155, 19, '28/04/2023 10:45:25', '12/05/2023', '08/05/2023 13:30:40'),
(4249, 40142, 38, '01/05/2023 12:20:50', '15/05/2023', '10/05/2023 16:15:20'),
(4250, 40151, 27, '03/05/2023 16:05:30', '17/05/2023', '17/05/2023 11:30:05'),
(4251, 40151, 13, '03/05/2023 09:45:40', '17/05/2023', '12/05/2023 18:50:15'),
(4252, 40153, 6, '04/05/2023 14:15:20', '18/05/2023', '15/06/2023 15:25:30'),
(4253, 40112, 51, '04/05/2023 11:30:10', '18/05/2023', '12/05/2023 10:40:45'),
(4254, 40146, 20, '04/05/2023 19:20:55', '18/05/2023', '18/05/2023 16:55:10'),
(4255, 40141, 43, '04/05/2023 13:50:30', '18/05/2023', '22/05/2023 14:30:15'),
(4256, 40147, 22, '05/05/2023 10:10:45', '19/05/2023', '09/05/2023 11:45:20'),
(4257, 40155, 33, '05/05/2023 14:40:05', '19/05/2023', '19/05/2023 19:05:50'),
(4258, 40104, 19, '08/05/2023 16:55:20', '22/05/2023', '15/05/2023 13:20:35'),
(4259, 40114, 44, '08/05/2023 12:30:45', '22/05/2023', '12/05/2023 14:45:30'),
(4260, 40145, 22, '09/05/2023 18:10:35', '23/05/2023', '23/05/2023 15:35:15'),
(4262, 40134, 49, '10/05/2023 11:20:45', '24/05/2023', '22/05/2023 18:50:30'),
(4261, 40149, 45, '10/05/2023 14:45:55', '24/05/2023', '18/05/2023 13:55:20'),
(4263, 40156, 23, '11/05/2023 17:30:10', '25/05/2023', '25/05/2023 12:10:40'),
(4265, 40149, 51, '12/05/2023 19:45:20', '26/05/2023', '19/05/2023 16:20:35'),
(4264, 40141, 13, '12/05/2023 10:55:30', '26/05/2023', '01/06/2023 18:30:10'),
(4266, 40135, 19, '15/05/2023 13:10:40', '29/05/2023', '31/05/2023 17:40:25'),
(4268, 40135, 27, '19/05/2023 15:35:55', '02/06/2023', '24/08/2023 19:50:10'),
(4267, 40124, 51, '19/05/2023 09:55:20', '02/06/2023', '07/06/2023 10:20:15'),
(4269, 40148, 49, '22/05/2023 14:25:40', '05/06/2023', '29/05/2023 12:40:55'),
(4271, 40157, 5, '22/05/2023 11:40:55', '05/06/2023', '29/05/2023 16:05:20'),
(4270, 40145, 43, '22/05/2023 16:15:10', '05/06/2023', '02/06/2023 13:30:45'),
(4272, 40152, 22, '23/05/2023 13:30:25', '06/06/2023', '05/06/2023 17:55:10'),
(4274, 40122, 44, '24/05/2023 18:45:35', '07/06/2023', '31/05/2023 15:10:20'),
(4273, 40131, 20, '24/05/2023 16:00:50', '07/06/2023', '07/06/2023 14:25:35'),
(4275, 40122, 4, '24/05/2023 09:20:11', '07/06/2023', '02/08/2023 11:45:25'),
(4276, 40156, 23, '25/05/2023 12:45:30', '08/06/2023', '15/06/2023 19:00:45'),
(4277, 40148, 38, '26/05/2023 15:05:45', '09/06/2023', '01/06/2023 16:30:10'),
(4278, 40148, 40, '29/05/2023 17:30:55', '12/06/2023', '14/06/2023 14:55:20'),
(4279, 40143, 33, '29/05/2023 11:55:20', '12/06/2023', '05/06/2023 18:10:30'),
(4282, 40115, 24, '31/05/2023 14:20:45', '14/06/2023', '12/06/2023 19:25:55'),
(4281, 40145, 15, '31/05/2023 18:40:10', '14/06/2023', '19/06/2023 16:50:25'),
(4280, 40122, 19, '31/05/2023 16:05:35', '14/06/2023', '07/06/2023 13:20:50'),
(4283, 40104, 13, '01/06/2023 10:30:55', '15/06/2023', '14/06/2023 15:55:20'),
(4284, 40121, 49, '01/06/2023 15:50:10', '15/06/2023', '07/06/2023 17:15:30'),
(4286, 40134, 5, '02/06/2023 11:15:20', '16/06/2023', '08/06/2023 12:40:45'),
(4285, 40113, 43, '02/06/2023 14:40:55', '16/06/2023', '06/06/2023 18:05:30'),
(4289, 40101, 45, '05/06/2023 18:55:20', '19/06/2023', '12/06/2023 14:20:55'),
(4288, 40115, 7, '05/06/2023 16:20:35', '19/06/2023', '15/06/2023 11:35:40'),
(4287, 40111, 22, '05/06/2023 13:45:50', '19/06/2023', '23/06/2023 16:00:10'),
(4291, 40103, 49, '07/06/2023 17:10:25', '21/06/2023', '27/06/2023 18:35:50'),
(4292, 40146, 19, '07/06/2023 19:35:10', '21/06/2023', '15/11/2023 16:00:55'),
(4290, 40135, 20, '07/06/2023 14:00:25', '21/06/2023', '21/06/2023 11:25:30'),
(4293, 40125, 44, '08/06/2023 12:25:55', '22/06/2023', '23/06/2023 13:50:10'),
(4294, 40158, 48, '09/06/2023 14:50:30', '23/06/2023', '27/06/2023 17:15:45'),
(4295, 40105, 45, '12/06/2023 16:15:40', '26/06/2023', '29/06/2023 18:40:50'),
(4296, 40134, 50, '13/06/2023 14:30:45', '27/06/2023', '30/06/2023 17:20:30'),
(4299, 40113, 43, '14/06/2023 17:10:15', '28/06/2023', '22/06/2023 14:45:55'),
(4297, 40134, 13, '14/06/2023 10:45:25', '28/06/2023', NULL),
(4298, 40104, 40, '14/06/2023 12:20:50', '28/06/2023', '29/06/2023 16:15:20'),
(4300, 40158, 23, '15/06/2023 16:05:30', '29/06/2023', '30/06/2023 11:30:05'),
(4301, 40105, 7, '15/06/2023 09:45:40', '29/06/2023', '19/06/2023 18:50:15'),
(4302, 40154, 6, '15/06/2023 14:15:20', '29/06/2023', '20/06/2023 15:25:30'),
(4303, 40111, 25, '16/06/2023 11:30:10', '30/06/2023', '20/06/2023 10:40:45'),
(4304, 40105, 15, '19/06/2023 15:50:55', '03/07/2023', '27/06/2023 12:55:10'),
(4305, 40124, 33, '19/06/2023 13:05:50', '03/07/2023', NULL),
(4307, 40157, 25, '20/06/2023 16:25:05', '04/07/2023', '24/08/2023 19:50:10'),
(4306, 40125, 6, '20/06/2023 14:00:30', '04/07/2023', '05/09/2023 18:15:45'),
(4308, 40141, 20, '21/06/2023 12:25:55', '05/07/2023', NULL),
(4310, 40114, 2, '22/06/2023 14:50:30', '06/07/2023', NULL),
(4309, 40149, 38, '22/06/2023 11:05:45', '06/07/2023', NULL),
(4314, 40115, 12, '23/06/2023 18:45:35', '07/07/2023', '29/06/2023 15:10:20'),
(4311, 40144, 44, '23/06/2023 16:00:50', '07/07/2023', '30/06/2023 17:25:35'),
(4313, 40145, 7, '23/06/2023 09:20:11', '07/07/2023', '29/06/2023 11:45:25'),
(4312, 40122, 22, '23/06/2023 12:45:30', '07/07/2023', '30/06/2023 19:00:45'),
(4315, 40144, 49, '27/06/2023 19:45:20', '11/07/2023', '24/08/2023 16:20:35'),
(4317, 40141, 5, '27/06/2023 12:55:30', '11/07/2023', '14/09/2023 18:30:10'),
(4316, 40149, 15, '27/06/2023 16:15:40', '11/07/2023', '11/09/2023 19:55:20'),
(4318, 40146, 40, '29/06/2023 18:10:35', '13/07/2023', '07/09/2023 13:25:40'),
(4319, 40102, 45, '29/06/2023 16:20:55', '13/07/2023', '08/08/2023 14:50:30'),
(4320, 40148, 30, '30/06/2023 13:45:10', '14/07/2023', '29/08/2023 17:10:25'),
(4325, 40152, 48, '30/06/2023 15:10:25', '14/07/2023', NULL),
(4324, 40124, 12, '30/06/2023 17:35:40', '14/07/2023', '31/10/2023 12:00:55'),
(4323, 40144, 51, '30/06/2023 10:50:55', '14/07/2023', '21/09/2023 11:15:20'),
(4322, 40134, 22, '30/06/2023 14:15:20', '14/07/2023', NULL),
(4321, 40112, 50, '30/06/2023 11:30:35', '14/07/2023', '27/09/2023 13:55:50'),
(4326, 40102, 4, '02/08/2023 14:20:45', '16/08/2023', '18/08/2023 18:45:55'),
(4327, 40112, 43, '07/08/2023 16:45:55', '21/08/2023', '25/08/2023 21:10:45'),
(4329, 40105, 46, '08/08/2023 19:10:30', '22/08/2023', '23/08/2023 16:35:45'),
(4328, 40124, 45, '08/08/2023 21:35:45', '22/08/2023', '25/08/2023 14:00:55'),
(4330, 40112, 44, '15/08/2023 11:00:55', '29/08/2023', '24/08/2023 15:25:20'),
(4331, 40135, 4, '18/08/2023 12:25:55', '01/09/2023', '24/08/2023 13:50:10'),
(4332, 40146, 46, '23/08/2023 16:50:20', '06/09/2023', '12/09/2023 14:15:30'),
(4334, 40147, 25, '24/08/2023 18:15:35', '07/09/2023', '21/09/2023 15:40:45'),
(4336, 40148, 4, '24/08/2023 20:40:50', '07/09/2023', '05/09/2023 17:05:55'),
(4337, 40122, 23, '24/08/2023 23:06:05', '07/09/2023', '08/09/2023 14:31:10'),
(4333, 40114, 49, '24/08/2023 13:31:20', '07/09/2023', '11/09/2023 15:56:25'),
(4335, 40151, 27, '24/08/2023 15:56:35', '07/09/2023', '31/08/2023 18:20:40'),
(4338, 40121, 45, '25/08/2023 18:21:50', '08/09/2023', '06/10/2023 13:45:55'),
(4339, 40143, 7, '25/08/2023 20:47:05', '08/09/2023', '07/09/2023 11:10:10'),
(4340, 40102, 31, '28/08/2023 23:12:20', '11/09/2023', '22/09/2023 17:35:25'),
(4341, 40157, 30, '29/08/2023 01:37:35', '12/09/2023', '14/09/2023 14:00:40'),
(4342, 40147, 24, '30/08/2023 04:02:50', '13/09/2023', '12/09/2023 11:25:55'),
(4343, 40154, 6, '05/09/2023 06:28:05', '19/09/2023', '20/09/2023 08:53:20'),
(4344, 40124, 4, '05/09/2023 08:53:20', '19/09/2023', '12/09/2023 10:18:35'),
(4345, 40155, 27, '05/09/2023 11:18:35', '19/09/2023', '22/09/2023 12:43:50'),
(4347, 40142, 23, '11/09/2023 14:30:00', '25/09/2023', '13/09/2023 12:20:00'),
(4346, 40154, 15, '11/09/2023 10:45:00', '25/09/2023', '27/09/2023 11:05:00'),
(4348, 40153, 24, '12/09/2023 11:20:00', '26/09/2023', '26/09/2023 14:15:00'),
(4349, 40145, 46, '12/09/2023 14:05:00', '26/09/2023', '29/09/2023 16:40:00'),
(4350, 40158, 43, '13/09/2023 09:30:00', '27/09/2023', '29/09/2023 12:50:00'),
(4351, 40144, 30, '14/09/2023 16:15:00', '28/09/2023', '04/10/2023 10:30:00'),
(4352, 40135, 5, '14/09/2023 18:40:00', '28/09/2023', '25/09/2023 15:55:00'),
(4353, 40156, 23, '18/09/2023 12:25:00', '02/10/2023', '29/09/2023 17:45:00'),
(4354, 40102, 4, '18/09/2023 10:10:00', '02/10/2023', '25/09/2023 19:20:00'),
(4356, 40103, 51, '21/09/2023 14:50:00', '05/10/2023', '25/09/2023 13:35:00'),
(4355, 40131, 25, '21/09/2023 16:30:00', '05/10/2023', NULL),
(4357, 40111, 44, '21/09/2023 13:40:00', '05/10/2023', '27/09/2023 20:05:00'),
(4358, 40155, 31, '22/09/2023 09:55:00', '06/10/2023', '18/10/2023 14:25:00'),
(4359, 40101, 27, '22/09/2023 19:15:00', '06/10/2023', '04/10/2023 11:45:00'),
(4360, 40153, 4, '25/09/2023 17:00:00', '09/10/2023', '11/10/2023 09:10:00'),
(4361, 40105, 51, '25/09/2023 15:25:00', '09/10/2023', '09/10/2023 12:40:00'),
(4362, 40145, 24, '26/09/2023 14:30:00', '10/10/2023', '10/10/2023 16:20:00'),
(4365, 40157, 15, '27/09/2023 10:55:00', '11/10/2023', '06/10/2023 11:30:00'),
(4364, 40153, 44, '27/09/2023 16:10:00', '11/10/2023', NULL),
(4363, 40121, 50, '27/09/2023 19:40:00', '11/10/2023', '16/10/2023 13:50:00'),
(4366, 40114, 23, '29/09/2023 15:50:00', '13/10/2023', '17/10/2023 18:00:00'),
(4367, 40121, 5, '02/10/2023 11:30:00', '16/10/2023', '27/10/2023 14:10:00'),
(4368, 40134, 49, '03/10/2023 12:45:00', '17/10/2023', '12/10/2023 10:25:00'),
(4369, 40155, 30, '04/10/2023 15:20:00', '18/10/2023', '10/10/2023 14:35:00'),
(4370, 40105, 40, '05/10/2023 13:05:00', '19/10/2023', '12/10/2023 15:50:00'),
(4372, 40151, 6, '06/10/2023 14:15:00', '20/10/2023', '20/10/2023 17:30:00'),
(4371, 40155, 45, '06/10/2023 17:10:00', '20/10/2023', '16/10/2023 16:00:00'),
(4374, 40147, 46, '09/10/2023 12:20:00', '23/10/2023', '26/10/2023 12:50:00'),
(4373, 40105, 51, '09/10/2023 10:40:00', '23/10/2023', '24/10/2023 15:15:00'),
(4376, 40158, 24, '10/10/2023 19:00:00', '24/10/2023', '17/10/2023 16:45:00'),
(4375, 40115, 30, '10/10/2023 15:35:00', '24/10/2023', '16/10/2023 19:30:00'),
(4377, 40158, 27, '11/10/2023 18:20:00', '25/10/2023', '23/10/2023 09:55:00'),
(4378, 40152, 49, '13/10/2023 12:50:00', '27/10/2023', '19/10/2023 12:15:00'),
(4381, 40146, 50, '16/10/2023 16:55:00', '30/10/2023', '26/10/2023 13:45:00'),
(4379, 40122, 45, '16/10/2023 10:10:00', '30/10/2023', '26/10/2023 15:55:00'),
(4380, 40152, 30, '16/10/2023 13:30:00', '30/10/2023', '09/11/2023 18:20:00'),
(4383, 40148, 24, '17/10/2023 09:45:00', '31/10/2023', '01/11/2023 16:10:00'),
(4384, 40141, 15, '17/10/2023 14:05:00', '31/10/2023', '26/10/2023 10:30:00'),
(4382, 40105, 23, '17/10/2023 15:40:00', '31/10/2023', '31/10/2023 13:55:00'),
(4385, 40143, 31, '18/10/2023 13:15:00', '01/11/2023', '20/10/2023 12:40:00'),
(4386, 40154, 43, '18/10/2023 11:25:00', '01/11/2023', '25/10/2023 16:30:00'),
(4389, 40121, 4, '20/10/2023 16:20:00', '03/11/2023', '23/10/2023 11:50:00'),
(4387, 40124, 6, '20/10/2023 14:50:00', '03/11/2023', '31/10/2023 09:15:00'),
(4388, 40123, 31, '20/10/2023 15:55:00', '03/11/2023', '03/11/2023 16:40:00'),
(4390, 40102, 51, '24/10/2023 13:40:00', '07/11/2023', '10/11/2023 14:30:00'),
(4391, 40131, 1, '24/10/2023 17:25:00', '07/11/2023', '02/11/2023 12:00:00'),
(4393, 40148, 49, '25/10/2023 11:55:00', '08/11/2023', '08/11/2023 16:15:00'),
(4392, 40151, 43, '25/10/2023 14:40:00', '08/11/2023', '17/11/2023 17:20:00'),
(4396, 40135, 50, '26/10/2023 09:10:00', '09/11/2023', '10/11/2023 13:30:00'),
(4394, 40102, 46, '26/10/2023 16:30:00', '09/11/2023', '14/11/2023 11:10:00'),
(4395, 40151, 45, '26/10/2023 14:30:00', '09/11/2023', '09/11/2023 09:45:00'),
(4398, 40121, 3, '27/10/2023 11:15:00', '10/11/2023', '09/11/2023 14:20:00'),
(4397, 40148, 4, '27/10/2023 16:45:00', '10/11/2023', '16/11/2023 08:30:00'),
(4400, 40153, 40, '30/10/2023 13:20:00', '13/11/2023', '07/11/2023 10:55:00'),
(4399, 40147, 5, '30/10/2023 19:10:00', '13/11/2023', '13/11/2023 14:25:00'),
(4402, 40145, 12, '31/10/2023 09:30:00', '14/11/2023', '08/11/2023 11:10:00'),
(4403, 40115, 23, '31/10/2023 14:40:00', '14/11/2023', '07/11/2023 13:45:00'),
(4401, 40135, 6, '31/10/2023 17:25:00', '14/11/2023', '13/11/2023 16:30:00'),
(4404, 40104, 7, '02/11/2023 09:55:00', '16/11/2023', '23/11/2023 18:20:00'),
(4405, 40111, 15, '06/11/2023 12:15:00', '20/11/2023', '14/11/2023 07:45:00'),
(4408, 40143, 24, '07/11/2023 20:30:00', '21/11/2023', '20/11/2023 16:10:00'),
(4406, 40125, 40, '07/11/2023 14:05:00', '21/11/2023', '13/11/2023 13:30:00'),
(4407, 40125, 23, '07/11/2023 10:20:00', '21/11/2023', '17/11/2023 19:45:00'),
(4410, 40112, 12, '08/11/2023 17:50:00', '22/11/2023', '17/11/2023 14:35:00'),
(4409, 40143, 49, '08/11/2023 19:25:00', '22/11/2023', '21/11/2023 22:05:00'),
(4411, 40121, 27, '08/11/2023 08:40:00', '22/11/2023', '27/11/2023 11:55:00'),
(4413, 40101, 45, '09/11/2023 16:20:00', '23/11/2023', '17/11/2023 20:15:00'),
(4412, 40115, 1, '09/11/2023 13:30:00', '23/11/2023', '15/11/2023 09:10:00'),
(4415, 40124, 30, '10/11/2023 22:40:00', '24/11/2023', '27/11/2023 14:50:00'),
(4414, 40113, 51, '10/11/2023 18:55:00', '24/11/2023', '20/11/2023 23:30:00'),
(4416, 40151, 40, '13/11/2023 15:15:00', '27/11/2023', '28/11/2023 12:05:00'),
(4417, 40124, 46, '14/11/2023 10:25:00', '28/11/2023', '20/11/2023 08:15:00'),
(4418, 40142, 3, '14/11/2023 16:35:00', '28/11/2023', NULL),
(4420, 40113, 19, '15/11/2023 09:20:00', '29/11/2023', '29/11/2023 14:40:00'),
(4419, 40101, 1, '15/11/2023 12:50:00', '29/11/2023', '21/11/2023 17:30:00'),
(4421, 40135, 31, '16/11/2023 13:10:00', '30/11/2023', '27/11/2023 11:45:00'),
(4422, 40123, 43, '17/11/2023 18:20:00', '01/12/2023', NULL),
(4423, 40113, 23, '17/11/2023 14:15:00', '01/12/2023', NULL),
(4425, 40146, 51, '20/11/2023 09:30:00', '04/12/2023', NULL),
(4424, 40113, 46, '20/11/2023 21:00:00', '04/12/2023', '27/11/2023 16:55:00'),
(4426, 40155, 15, '20/11/2023 14:45:00', '04/12/2023', NULL),
(4428, 40144, 1, '21/11/2023 17:35:00', '05/12/2023', NULL),
(4427, 40124, 49, '21/11/2023 13:20:00', '05/12/2023', '24/11/2023 19:30:00'),
(4429, 40144, 7, '23/11/2023 12:05:00', '07/12/2023', NULL),
(4430, 40148, 49, '24/11/2023 08:55:00', '08/12/2023', '27/11/2023 13:40:00'),
(4431, 40125, 31, '27/11/2023 16:40:00', '11/12/2023', '29/11/2023 14:15:00'),
(4433, 40105, 5, '27/11/2023 18:30:00', '11/12/2023', '29/11/2023 19:25:00'),
(4432, 40115, 12, '27/11/2023 11:50:00', '11/12/2023', NULL),
(4434, 40152, 19, '29/11/2023 20:00:00', '13/12/2023', NULL),
(4435, 40144, 24, '30/11/2023 17:10:00', '14/12/2023', NULL);



--reserva novo 

-- Populando reserva
INSERT INTO reserva (cod_reserva, cod_matricula, cod_exemplar, dt_reserva, dt_prevista_emprestimo, dt_emprestimo, situacao_res)
VALUES
(6165,	40114,	15,	'21/05/2021 14:26',	'04/06/2021',	'24/05/2021',	 'INATIVA'), 
(6166,	40113,	11,	'25/05/2021 15:42',	'08/06/2021',	'03/09/2021',	 'INATIVA'), 
(6168,	40113,	32,	'09/06/2021 10:48',	'23/06/2021',	'22/06/2021',	 'INATIVA'), 
(6167,	40114,	26,	'09/06/2021 17:09',	'23/06/2021',	'24/06/2021',	 'INATIVA'), 
(6169,	40154,	26,	'17/06/2021 15:41',	'08/07/2021',	NULL	 , 'ATIVA'), 
(6170,	40121,	32,	'24/06/2021 16:56',	'08/07/2021',	'10/08/2021',	 'INATIVA'), 
(6171,	40122,	44,	'08/09/2021 10:35',	'22/09/2021',	'23/09/2021',	 'INATIVA'), 
(6172,	40156,	49,	'09/09/2021 13:25',	'23/09/2021',	'15/09/2021',	 'INATIVA'), 
(6174,	40155,	49,	'15/09/2021 09:59',	'29/09/2021',	'11/10/2021',	 'INATIVA'), 
(6173,	40158,	9,	'15/09/2021 10:23',	'29/09/2021',	NULL,	'CANCELADA'),
(6175,	40114,	32,	'16/09/2021 14:06',	'30/09/2021',	'24/09/2021',	 'INATIVA'), 
(6176,	40152,	34,	'05/10/2021 17:09',	'19/10/2021',	'26/11/2021',	 'INATIVA'), 
(6177,	40114,	33,	'11/10/2021 11:01',	'25/10/2021',	'15/10/2021',	 'INATIVA'), 
(6178,	40158,	18,	'11/10/2021 13:42',	'25/10/2021',	'28/10/2021',	 'INATIVA'), 
(6180,	40155,	28,	'15/10/2021 14:01',	'29/10/2021',	'24/11/2021',	 'INATIVA'), 
(6179,	40105,	34,	'15/10/2021 16:56',	'10/12/2021',	'23/02/2022',	 'INATIVA'), 
(6181,	40153,	45,	'19/10/2021 08:13',	'10/12/2021',	'10/02/2022',	 'INATIVA'), 
(6183,	40157,	26,	'25/10/2021 09:30',	'08/11/2021',	NULL	 , 'ATIVA'), 
(6182,	40105,	28,	'25/10/2021 10:17',	'12/11/2021',	NULL,	'CANCELADA'),
(6184,	40135,	6,	'08/11/2021 14:17',	'22/11/2021',	'07/02/2022',	 'INATIVA'), 
(6185,	40158,	50,	'08/11/2021 14:44',	'22/11/2021',	NULL,	'CANCELADA'),
(6186,	40135,	45,	'22/11/2021 09:32',	'06/02/2022',	'16/02/2022',	 'INATIVA'), 
(6188,	40105,	44,	'29/11/2021 08:19',	'13/12/2021',	'09/02/2022',	 'INATIVA'), 
(6187,	40122,	16,	'29/11/2021 13:00',	'13/12/2021',	NULL	 , 'ATIVA'), 
(6189,	40156,	16,	'23/02/2022 08:16',	'09/03/2022',	NULL	 , 'ATIVA'), 
(6191,	40123,	25,	'24/02/2022 08:34',	'10/03/2022',	'01/03/2022',	 'INATIVA'), 
(6192,	40111,	7,	'24/02/2022 09:43',	'10/03/2022',	'16/03/2022',	 'INATIVA'), 
(6190,	40105,	33,	'24/02/2022 15:46',	'10/03/2022',	'01/03/2022',	 'INATIVA'), 
(6193,	40114,	16,	'03/03/2022 13:35',	'23/03/2022',	NULL	 , 'ATIVA'), 
(6194,	40115,	10,	'03/03/2022 13:57',	'17/03/2022',	'24/03/2022',	 'INATIVA'), 
(6195,	40104,	46,	'03/03/2022 14:26',	'17/03/2022',	'15/03/2022',	 'INATIVA'), 
(6196,	40102,	46,	'08/03/2022 18:01',	'29/03/2022',	'12/04/2022',	 'INATIVA'), 
(6197,	40125,	33,	'10/03/2022 14:50',	'24/03/2022',	'16/03/2022',	 'INATIVA'), 
(6198,	40105,	11,	'11/03/2022 16:39',	'25/03/2022',	NULL,	'CANCELADA'),
(6199,	40152,	33,	'14/03/2022 14:32',	'30/03/2022',	'28/03/2022',	 'INATIVA'), 
(6200,	40155,	48,	'16/03/2022 08:41',	'30/03/2022',	'23/03/2022',	 'INATIVA'), 
(6201,	40115,	46,	'23/03/2022 12:53',	'26/04/2022',	'07/06/2022',	 'INATIVA'), 
(6202,	40151,	32,	'11/04/2022 13:26',	'25/04/2022',	NULL	 , 'ATIVA'), 
(6203,	40125,	33,	'12/04/2022 12:51',	'26/04/2022',	'03/05/2022',	 'INATIVA'), 
(6204,	40144,	13,	'12/04/2022 18:45',	'26/04/2022',	'25/04/2022',	 'INATIVA'), 
(6205,	40134,	40,	'22/04/2022 11:27',	'06/05/2022',	'29/04/2022',	 'INATIVA'), 
(6206,	40112,	40,	'29/04/2022 11:42',	'13/05/2022',	'19/05/2022',	 'INATIVA'), 
(6207,	40121,	9,	'02/05/2022 09:59',	'16/05/2022',	'12/05/2022',	 'INATIVA'), 
(6208,	40145,	46,	'02/05/2022 15:06',	'16/05/2022',	NULL,	'CANCELADA'),
(6211,	40157,	39,	'03/05/2022 08:14',	'31/05/2022',	'06/05/2022',	 'INATIVA'), 
(6209,	40152,	39,	'03/05/2022 11:20',	'22/04/2022',	'24/05/2022',	 'INATIVA'), 
(6210,	40121,	40,	'03/05/2022 14:33',	'27/05/2022',	NULL,	'CANCELADA'),
(6212,	40101,	45,	'10/05/2022 11:56',	'24/05/2022',	'11/05/2022',	 'INATIVA'), 
(6213,	40151,	48,	'10/05/2022 14:35',	'24/05/2022',	'25/05/2022',	 'INATIVA'), 
(6214,	40125,	51,	'11/05/2022 10:24',	'25/05/2022',	'18/05/2022',	 'INATIVA'), 
(6215,	40105,	51,	'12/05/2022 10:41',	'01/06/2022',	'24/06/2022',	 'INATIVA'), 
(6216,	40101,	23,	'12/05/2022 14:46',	'26/05/2022',	'25/05/2022',	 'INATIVA'), 
(6217,	40145,	22,	'23/05/2022 09:47',	'06/06/2022',	'02/06/2022',	 'INATIVA'), 
(6219,	40151,	45,	'25/05/2022 09:58',	'08/06/2022',	'01/06/2022',	 'INATIVA'), 
(6218,	40154,	48,	'25/05/2022 14:38',	'08/06/2022',	'06/06/2022',	 'INATIVA'), 
(6220,	40155,	40,	'31/05/2022 13:39',	'14/06/2022',	'09/06/2022',	 'INATIVA'), 
(6221,	40104,	32,	'01/06/2022 14:28',	'15/06/2022',	NULL	 , 'ATIVA'), 
(6222,	40158,	40,	'01/06/2022 16:33',	'23/06/2022',	'30/06/2022',	 'INATIVA'), 
(6223,	40131,	39,	'03/06/2022 16:04',	'17/06/2022',	NULL,	'CANCELADA'),
(6224,	40111,	7,	'06/06/2022 15:47',	'20/06/2022',	'21/06/2022',	 'INATIVA'), 
(6225,	40135,	45,	'07/06/2022 18:37',	'21/06/2022',	'21/06/2022',	 'INATIVA'), 
(6226,	40145,	48,	'08/06/2022 09:47',	'22/06/2022',	'08/09/2022',	 'INATIVA'), 
(6227,	40123,	19,	'10/06/2022 14:50',	'24/06/2022',	NULL,	'CANCELADA'),
(6228,	40113,	7,	'16/06/2022 11:58',	'05/07/2022',	'02/08/2022',	 'INATIVA'), 
(6229,	40113,	34,	'17/06/2022 11:38',	'01/07/2022',	'22/06/2022',	 'INATIVA'), 
(6230,	40125,	29,	'23/06/2022 10:49',	'07/07/2022',	'28/06/2022',	 'INATIVA'), 
(6232,	40101,	8,	'30/06/2022 10:33',	'14/07/2022',	'15/08/2022',	 'INATIVA'), 
(6231,	40149,	30,	'30/06/2022 14:46',	'14/07/2022',	'06/10/2022',	 'INATIVA'), 
(6233,	40144,	32,	'01/08/2022 11:26',	'15/08/2022',	NULL	 , 'ATIVA'), 
(6235,	40104,	8,	'04/08/2022 12:51',	'19/09/2022',	NULL,	'CANCELADA'),
(6234,	40104,	51,	'04/08/2022 15:13',	'19/09/2022',	'10/08/2022',	 'INATIVA'), 
(6236,	40147,	24,	'08/08/2022 11:12',	'22/08/2022',	'26/10/2022',	 'INATIVA'), 
(6237,	40141,	51,	'09/08/2022 08:58',	'24/08/2022',	'19/08/2022',	 'INATIVA'), 
(6238,	40114,	24,	'09/08/2022 11:46',	'09/11/2022',	'17/02/2023',	 'INATIVA'), 
(6241,	40153,	44,	'11/08/2022 12:03',	'17/11/2022',	NULL,	'CANCELADA'),
(6240,	40156,	30,	'11/08/2022 15:01',	'17/11/2022',	'07/10/2022',	 'INATIVA'), 
(6239,	40134,	32,	'11/08/2022 15:03',	'29/08/2022',	NULL	 , 'ATIVA'), 
(6243,	40142,	44,	'12/08/2022 12:15',	'08/09/2022',	NULL,	'CANCELADA'),
(6242,	40144,	37,	'12/08/2022 14:50',	'26/08/2022',	NULL	 , 'ATIVA'), 
(6244,	40123,	51,	'19/08/2022 12:07',	'02/09/2022',	'15/09/2022',	 'INATIVA'), 
(6245,	40158,	23,	'23/08/2022 09:48',	'06/09/2022',	'06/09/2022',	 'INATIVA'), 
(6246,	40105,	15,	'29/08/2022 13:30',	'12/09/2022',	'09/09/2022',	 'INATIVA'), 
(6247,	40145,	23,	'30/08/2022 09:53',	'20/09/2022',	'22/09/2022',	 'INATIVA'), 
(6248,	40144,	25,	'30/08/2022 15:06',	'13/09/2022',	'01/09/2022',	 'INATIVA'), 
(6249,	40152,	9,	'31/08/2022 08:04',	'14/09/2022',	'08/09/2022',	 'INATIVA'), 
(6250,	40121,	25,	'31/08/2022 14:45',	'15/09/2022',	'14/09/2022',	 'INATIVA'), 
(6251,	40151,	35,	'08/09/2022 11:43',	'22/09/2022',	'09/09/2022',	 'INATIVA'), 
(6253,	40122,	24,	'12/09/2022 09:19',	'30/11/2022',	NULL,	'CANCELADA'),
(6252,	40101,	32,	'12/09/2022 18:51',	'30/11/2022',	NULL	 , 'ATIVA'), 
(6254,	40158,	37,	'13/09/2022 12:10',	'27/09/2022',	NULL	 , 'ATIVA'), 
(6256,	40134,	28,	'15/09/2022 11:42',	'29/09/2022',	'16/09/2022',	 'INATIVA'), 
(6255,	40141,	18,	'15/09/2022 12:41',	'29/09/2022',	'30/09/2022',	 'INATIVA'), 
(6257,	40123,	15,	'15/09/2022 18:37',	'29/09/2022',	'27/09/2022',	 'INATIVA'), 
(6259,	40103,	32,	'21/09/2022 09:19',	'10/10/2022',	NULL	 , 'ATIVA'), 
(6258,	40141,	17,	'21/09/2022 10:07',	'05/10/2022',	NULL,	'CANCELADA'),
(6260,	40134,	18,	'22/09/2022 15:45',	'14/10/2022',	'17/10/2022',	 'INATIVA'), 
(6261,	40143,	37,	'27/09/2022 11:53',	'11/10/2022',	NULL	 , 'ATIVA'), 
(6262,	40112,	48,	'27/09/2022 12:48',	'11/10/2022',	'29/09/2022',	 'INATIVA'), 
(6263,	40155,	32,	'03/10/2022 10:45',	'24/10/2022',	NULL	 , 'ATIVA'), 
(6264,	40148,	30,	'03/10/2022 15:37',	'29/11/2022',	'20/10/2022',	 'INATIVA'), 
(6265,	40122,	37,	'04/10/2022 10:53',	'25/10/2022',	NULL	 , 'ATIVA'), 
(6267,	40102,	37,	'04/10/2022 17:33',	'08/11/2022',	NULL	 , 'ATIVA'), 
(6266,	40131,	30,	'04/10/2022 17:45',	'03/11/2022',	'03/11/2022',	 'INATIVA'), 
(6268,	40145,	28,	'10/10/2022 16:58',	'24/10/2022',	'28/10/2022',	 'INATIVA'), 
(6269,	40115,	36,	'11/10/2022 09:27',	'25/10/2022',	NULL	 , 'ATIVA'), 
(6271,	40105,	45,	'12/10/2022 15:21',	'26/10/2022',	NULL,	'CANCELADA'),
(6270,	40102,	44,	'12/10/2022 18:24',	'26/10/2022',	NULL,	'CANCELADA'),
(6273,	40135,	36,	'17/10/2022 12:12',	'08/11/2022',	NULL	 , 'ATIVA'), 
(6272,	40103,	9,	'17/10/2022 14:40',	'31/10/2022',	'25/10/2022',	 'INATIVA'), 
(6274,	40153,	25,	'18/10/2022 13:55',	'01/11/2022',	'08/03/2023',	 'INATIVA'), 
(6275,	40112,	41,	'19/10/2022 10:56',	'02/11/2022',	NULL,	'CANCELADA'),
(6277,	40104,	30,	'21/10/2022 13:39',	'17/11/2022',	'06/03/2023',	 'INATIVA'), 
(6276,	40105,	34,	'21/10/2022 18:20',	'04/11/2022',	'03/11/2022',	 'INATIVA'), 
(6278,	40153,	11,	'28/10/2022 15:19',	'11/11/2022',	NULL	 , 'ATIVA'), 
(6279,	40148,	30,	'03/11/2022 14:30',	'04/06/2023',	'30/06/2023',	 'INATIVA'), 
(6280,	40155,	49,	'07/11/2022 10:38',	'21/11/2022',	'17/02/2023',	 'INATIVA'), 
(6281,	40134,	24,	'08/11/2022 18:22',	'14/12/2022',	NULL,	'CANCELADA'),
(6283,	40142,	17,	'09/11/2022 13:10',	'07/12/2022',	'24/11/2022',	 'INATIVA'), 
(6282,	40135,	17,	'09/11/2022 17:41',	'10/11/2022',	'30/11/2022',	 'INATIVA'), 
(6284,	40141,	11,	'11/11/2022 08:44',	'25/11/2022',	NULL	 , 'ATIVA'), 
(6285,	40141,	36,	'14/11/2022 14:55',	'28/11/2022',	NULL	 , 'ATIVA'), 
(6287,	40154,	17,	'15/11/2022 11:49',	'28/12/2022',	NULL	 , 'ATIVA'), 
(6286,	40104,	11,	'15/11/2022 15:49',	'09/12/2022',	NULL	 , 'ATIVA'), 
(6288,	40121,	5,	'16/11/2022 11:04',	'30/11/2022',	'23/11/2022',	 'INATIVA'), 
(6289,	40103,	41,	'16/11/2022 13:55',	'30/11/2022',	'22/11/2022',	 'INATIVA'), 
(6290,	40154,	28,	'18/11/2022 14:11',	'02/12/2022',	NULL,	'CANCELADA'),
(6291,	40152,	37,	'23/11/2022 17:35',	'07/12/2022',	NULL	 , 'ATIVA'), 
(6294,	40105,	35,	'24/11/2022 08:45',	'28/12/2022',	'25/11/2022',	 'INATIVA'), 
(6293,	40113,	8,	'24/11/2022 14:07',	'28/12/2022',	'29/11/2022',	 'INATIVA'), 
(6292,	40158,	48,	'24/11/2022 16:59',	'28/12/2022',	'09/06/2023',	 'INATIVA'), 
(6296,	40147,	42,	'28/11/2022 11:05',	'12/12/2022',	NULL	 , 'ATIVA'), 
(6295,	40103,	41,	'28/11/2022 14:19',	'12/12/2022',	'30/11/2022',	 'INATIVA'), 
(6297,	40105,	42,	'29/11/2022 10:33',	'26/12/2022',	NULL	 , 'ATIVA'), 
(6298,	40152,	48,	'30/11/2022 17:48',	'23/06/2023',	'30/06/2023',	 'INATIVA'), 
(6300,	40154,	39,	'01/02/2023 08:21',	'23/07/2023',	NULL	 , 'ATIVA'), 
(6299,	40153,	36,	'01/02/2023 09:45',	'23/07/2023',	NULL	 , 'ATIVA'), 
(6301,	40125,	48,	'01/02/2023 10:08',	'23/07/2023',	NULL,	'CANCELADA'),
(6302,	40151,	10,	'02/02/2023 08:49',	'16/02/2023',	NULL	 , 'ATIVA'), 
(6304,	40144,	35,	'02/02/2023 13:36',	'16/02/2023',	NULL	 , 'ATIVA'), 
(6303,	40147,	18,	'02/02/2023 14:04',	'16/02/2023',	NULL	 , 'ATIVA'), 
(6305,	40158,	48,	'03/02/2023 16:54',	'29/10/2023',	NULL,	'CANCELADA'),
(6306,	40101,	31,	'06/02/2023 08:47',	'15/02/2024',	'23/02/2023',	 'INATIVA'), 
(6307,	40157,	30,	'06/02/2023 16:14',	'15/02/2024',	'29/08/2023',	 'INATIVA'), 
(6308,	40155,	42,	'08/02/2023 14:01',	'22/02/2023',	NULL	 , 'ATIVA'), 
(6309,	40101,	28,	'08/02/2023 14:24',	'22/02/2023',	'14/02/2023',	 'INATIVA'), 
(6310,	40103,	9,	'08/02/2023 14:25',	'22/02/2023',	NULL	 , 'ATIVA'), 
(6311,	40158,	51,	'09/02/2023 13:54',	'23/02/2023',	'28/02/2023',	 'INATIVA'), 
(6312,	40151,	21,	'10/02/2023 14:26',	'24/02/2023',	NULL	 , 'ATIVA'), 
(6313,	40102,	42,	'14/02/2023 11:44',	'08/03/2023',	NULL	 , 'ATIVA'), 
(6315,	40144,	30,	'16/02/2023 11:10',	'21/12/2023',	'14/09/2023',	 'INATIVA'), 
(6314,	40105,	42,	'16/02/2023 17:55',	'22/03/2023',	NULL	 , 'ATIVA'), 
(6316,	40101,	29,	'17/02/2023 09:11',	'03/03/2023',	NULL	 , 'ATIVA'), 
(6317,	40148,	36,	'20/02/2023 16:02',	'21/12/2023',	NULL	 , 'ATIVA'), 
(6318,	40134,	9,	'21/02/2023 08:48',	'08/03/2023',	NULL	 , 'ATIVA'), 
(6319,	40141,	18,	'21/02/2023 16:33',	'07/03/2023',	NULL	 , 'ATIVA'), 
(6324,	40131,	51,	'22/02/2023 08:42',	'28/04/2023',	'14/03/2023',	 'INATIVA'), 
(6321,	40105,	6,	'22/02/2023 09:11',	'08/03/2023',	'17/04/2023',	 'INATIVA'), 
(6322,	40125,	51,	'22/02/2023 09:53',	'28/02/2023',	'31/03/2023',	 'INATIVA'), 
(6323,	40158,	35,	'22/02/2023 14:12',	'08/03/2023',	NULL	 , 'ATIVA'), 
(6320,	40155,	30,	'22/02/2023 16:22',	'04/06/2023',	'04/10/2023',	 'INATIVA'), 
(6325,	40103,	17,	'23/02/2023 09:37',	'28/02/2023',	NULL	 , 'ATIVA'), 
(6326,	40112,	29,	'24/02/2023 08:57',	'17/03/2023',	NULL	 , 'ATIVA'), 
(6327,	40121,	46,	'24/02/2023 17:18',	'10/03/2023',	'10/03/2023',	 'INATIVA'), 
(6329,	40131,	24,	'27/02/2023 17:03',	'13/03/2023',	'07/03/2023',	 'INATIVA'), 
(6328,	40121,	29,	'27/02/2023 18:43',	'04/06/2023',	NULL	 , 'ATIVA'), 
(6330,	40115,	30,	'01/03/2023 12:22',	'15/02/2024',	'10/10/2023',	 'INATIVA'), 
(6331,	40111,	29,	'02/03/2023 10:08',	'14/04/2023',	NULL	 , 'ATIVA'), 
(6332,	40154,	45,	'03/03/2023 09:59',	'17/03/2023',	'06/03/2023',	 'INATIVA'), 
(6333,	40113,	46,	'03/03/2023 15:19',	'24/03/2023',	'14/03/2023',	 'INATIVA'), 
(6334,	40131,	8,	'06/03/2023 12:36',	'20/03/2023',	NULL	 , 'ATIVA'), 
(6335,	40145,	51,	'06/03/2023 15:10',	'28/04/2023',	'17/04/2023',	 'INATIVA'), 
(6337,	40142,	44,	'08/03/2023 10:43',	'22/03/2023',	'23/03/2023',	 'INATIVA'), 
(6336,	40104,	36,	'08/03/2023 11:48',	'04/06/2023',	NULL	 , 'ATIVA'), 
(6338,	40103,	8,	'09/03/2023 18:10',	'03/04/2023',	NULL	 , 'ATIVA'), 
(6341,	40104,	41,	'10/03/2023 11:41',	'24/03/2023',	NULL	 , 'ATIVA'), 
(6339,	40158,	21,	'10/03/2023 14:24',	'24/03/2023',	NULL	 , 'ATIVA'), 
(6340,	40124,	18,	'10/03/2023 18:08',	'24/03/2023',	NULL	 , 'ATIVA'), 
(6345,	40105,	38,	'13/03/2023 08:06',	'27/03/2023',	'31/03/2023',	 'INATIVA'), 
(6344,	40101,	10,	'13/03/2023 09:20',	'27/03/2023',	NULL	 , 'ATIVA'), 
(6347,	40152,	19,	'13/03/2023 09:44',	'27/03/2023',	'24/03/2023',	 'INATIVA'), 
(6342,	40143,	5,	'13/03/2023 13:20',	'27/03/2023',	'27/03/2023',	 'INATIVA'), 
(6343,	40152,	34,	'13/03/2023 17:51',	'27/03/2023',	NULL	 , 'ATIVA'), 
(6346,	40131,	18,	'13/03/2023 18:36',	'07/04/2023',	NULL	 , 'ATIVA'), 
(6348,	40123,	9,	'14/03/2023 13:28',	'28/04/2023',	NULL	 , 'ATIVA'), 
(6350,	40156,	25,	'14/03/2023 14:11',	'28/04/2023',	'23/03/2023',	 'INATIVA'), 
(6349,	40115,	31,	'14/03/2023 17:10',	'28/04/2023',	'05/04/2023',	 'INATIVA'), 
(6351,	40113,	29,	'15/03/2023 18:52',	'28/04/2023',	NULL	 , 'ATIVA'), 
(6352,	40112,	51,	'16/03/2023 16:12',	'26/04/2023',	'04/05/2023',	 'INATIVA'), 
(6353,	40143,	42,	'17/03/2023 09:02',	'26/04/2023',	NULL	 , 'ATIVA'), 
(6354,	40111,	25,	'17/03/2023 18:46',	'26/04/2023',	'03/04/2023',	 'INATIVA'), 
(6355,	40152,	34,	'20/03/2023 08:30',	'14/04/2023',	NULL	 , 'ATIVA'), 
(6356,	40149,	51,	'21/03/2023 15:07',	'23/05/2023',	'12/05/2023',	 'INATIVA'), 
(6359,	40124,	36,	'22/03/2023 08:24',	'15/02/2024',	NULL	 , 'ATIVA'), 
(6358,	40105,	21,	'22/03/2023 14:28',	'07/04/2023',	NULL	 , 'ATIVA'), 
(6357,	40102,	44,	'22/03/2023 16:07',	'26/04/2023',	'03/04/2023',	 'INATIVA'), 
(6361,	40146,	12,	'23/03/2023 12:44',	'26/04/2023',	'11/04/2023',	 'INATIVA'), 
(6360,	40125,	50,	'23/03/2023 15:16',	'26/04/2023',	NULL,	'CANCELADA'),
(6365,	40124,	50,	'27/03/2023 12:38',	'17/03/2023',	'14/04/2023',	 'INATIVA'), 
(6362,	40111,	25,	'27/03/2023 14:07',	'17/03/2023',	'16/06/2023',	 'INATIVA'), 
(6364,	40154,	40,	'27/03/2023 14:24',	'14/04/2023',	'29/03/2023',	 'INATIVA'), 
(6363,	40134,	38,	'27/03/2023 14:29',	'14/04/2023',	'14/04/2023',	 'INATIVA'), 
(6366,	40125,	45,	'29/03/2023 08:36',	'12/04/2023',	'31/03/2023',	 'INATIVA'), 
(6367,	40125,	34,	'29/03/2023 15:46',	'24/04/2023',	NULL	 , 'ATIVA'), 
(6369,	40144,	41,	'29/03/2023 16:01',	'12/04/2023',	NULL	 , 'ATIVA'), 
(6368,	40157,	25,	'29/03/2023 16:05',	'04/06/2023',	'20/06/2023',	 'INATIVA'), 
(6371,	40146,	28,	'30/03/2023 13:23',	'13/04/2023',	NULL	 , 'ATIVA'), 
(6370,	40142,	39,	'30/03/2023 18:46',	'13/04/2023',	NULL	 , 'ATIVA'), 
(6372,	40157,	7,	'03/04/2023 15:08',	'17/04/2023',	'10/04/2023',	 'INATIVA'), 
(6373,	40148,	10,	'03/04/2023 18:33',	'17/04/2023',	NULL	 , 'ATIVA'), 
(6376,	40147,	25,	'04/04/2023 10:46',	'29/10/2023',	'24/08/2023',	 'INATIVA'), 
(6374,	40112,	9,	'04/04/2023 11:36',	'12/05/2023',	NULL	 , 'ATIVA'), 
(6378,	40154,	29,	'04/04/2023 13:02',	'12/05/2023',	NULL	 , 'ATIVA'), 
(6375,	40125,	23,	'04/04/2023 17:44',	'29/10/2023',	'06/04/2023',	 'INATIVA'), 
(6377,	40157,	45,	'04/04/2023 18:58',	'29/10/2023',	'10/04/2023',	 'INATIVA'), 
(6381,	40154,	22,	'05/04/2023 08:40',	'19/04/2023',	'20/04/2023',	 'INATIVA'), 
(6380,	40105,	46,	'05/04/2023 15:16',	'19/04/2023',	'08/08/2023',	 'INATIVA'), 
(6379,	40151,	29,	'05/04/2023 16:26',	'23/05/2023',	NULL	 , 'ATIVA'), 
(6382,	40142,	35,	'07/04/2023 13:00',	'21/04/2023',	NULL	 , 'ATIVA'), 
(6386,	40152,	30,	'10/04/2023 15:19',	'28/04/2024',	'16/10/2023',	 'INATIVA'), 
(6383,	40112,	29,	'10/04/2023 15:23',	'15/02/2024',	NULL	 , 'ATIVA'), 
(6385,	40111,	12,	'10/04/2023 15:44',	'25/04/2023',	'28/04/2023',	 'INATIVA'), 
(6384,	40103,	35,	'10/04/2023 18:36',	'05/05/2023',	NULL	 , 'ATIVA'), 
(6387,	40121,	28,	'12/04/2023 17:36',	'27/04/2023',	NULL	 , 'ATIVA'), 
(6389,	40104,	21,	'14/04/2023 10:09',	'28/04/2023',	NULL	 , 'ATIVA'), 
(6388,	40147,	17,	'14/04/2023 11:06',	'28/04/2023',	NULL	 , 'ATIVA'), 
(6390,	40131,	34,	'18/04/2023 08:35',	'08/05/2023',	NULL	 , 'ATIVA'), 
(6392,	40152,	18,	'18/04/2023 10:08',	'02/05/2023',	NULL	 , 'ATIVA'), 
(6391,	40152,	7,	'18/04/2023 14:23',	'02/05/2023',	'27/04/2023',	 'INATIVA'), 
(6394,	40151,	9,	'19/04/2023 11:14',	'15/02/2024',	NULL	 , 'ATIVA'), 
(6393,	40147,	9,	'19/04/2023 12:47',	'19/06/2023',	NULL	 , 'ATIVA'), 
(6395,	40158,	35,	'19/04/2023 16:47',	'08/05/2023',	NULL	 , 'ATIVA'), 
(6396,	40147,	22,	'24/04/2023 09:10',	'08/05/2023',	'05/05/2023',	 'INATIVA'), 
(6398,	40146,	20,	'24/04/2023 12:57',	'08/05/2023',	'04/05/2023',	 'INATIVA'), 
(6397,	40124,	30,	'24/04/2023 16:55',	'03/10/2023',	'10/11/2023',	 'INATIVA'), 
(6400,	40102,	29,	'25/04/2023 10:22',	'21/12/2023',	NULL	 , 'ATIVA'), 
(6401,	40101,	28,	'25/04/2023 16:25',	'11/05/2023',	NULL	 , 'ATIVA'), 
(6399,	40124,	51,	'25/04/2023 18:32',	'11/05/2023',	'19/05/2023',	 'INATIVA'), 
(6402,	40131,	39,	'26/04/2023 08:06',	'10/05/2023',	NULL	 , 'ATIVA'), 
(6403,	40145,	22,	'26/04/2023 14:18',	'08/05/2023',	'09/05/2023',	 'INATIVA'), 
(6404,	40146,	28,	'26/04/2023 15:56',	'18/05/2023',	NULL	 , 'ATIVA'), 
(6406,	40103,	41,	'27/04/2023 11:06',	'11/05/2023',	NULL	 , 'ATIVA'), 
(6405,	40153,	6,	'27/04/2023 12:19',	'11/05/2023',	'04/05/2023',	 'INATIVA'), 
(6407,	40151,	51,	'27/04/2023 14:54',	'15/02/2024',	NULL,	'CANCELADA'),
(6408,	40154,	6,	'27/04/2023 17:24',	'18/05/2023',	'15/06/2023',	 'INATIVA'), 
(6409,	40104,	19,	'01/05/2023 09:17',	'23/05/2023',	'08/05/2023',	 'INATIVA'), 
(6410,	40152,	22,	'01/05/2023 11:52',	'23/05/2023',	'23/05/2023',	 'INATIVA'), 
(6411,	40147,	17,	'01/05/2023 18:08',	'23/05/2023',	NULL	 , 'ATIVA'), 
(6414,	40145,	30,	'02/05/2023 08:56',	'27/01/2024',	NULL,	'CANCELADA'),
(6412,	40135,	19,	'02/05/2023 09:48',	'11/05/2023',	'15/05/2023',	 'INATIVA'), 
(6415,	40151,	27,	'02/05/2023 15:27',	'16/05/2023',	'03/05/2023',	 'INATIVA'), 
(6413,	40115,	7,	'02/05/2023 16:54',	'16/05/2023',	'05/06/2023',	 'INATIVA'), 
(6417,	40131,	25,	'03/05/2023 17:18',	'17/05/2023',	NULL,	'CANCELADA'),
(6416,	40157,	21,	'03/05/2023 17:18',	'17/05/2023',	NULL	 , 'ATIVA'), 
(6418,	40149,	45,	'04/05/2023 09:03',	'18/05/2023',	'10/05/2023',	 'INATIVA'), 
(6419,	40131,	20,	'04/05/2023 13:55',	'18/05/2023',	'24/05/2023',	 'INATIVA'), 
(6422,	40141,	13,	'05/05/2023 08:33',	'23/05/2023',	'12/05/2023',	 'INATIVA'), 
(6421,	40145,	18,	'05/05/2023 11:38',	'08/05/2023',	NULL	 , 'ATIVA'), 
(6420,	40104,	13,	'05/05/2023 13:48',	'08/05/2023',	'01/06/2023',	 'INATIVA'), 
(6424,	40111,	22,	'08/05/2023 10:06',	'19/06/2023',	'05/06/2023',	 'INATIVA'), 
(6423,	40134,	10,	'08/05/2023 11:40',	'11/05/2023',	NULL	 , 'ATIVA'), 
(6425,	40134,	13,	'09/05/2023 18:43',	'19/06/2023',	'14/06/2023',	 'INATIVA'), 
(6427,	40115,	12,	'10/05/2023 12:24',	'24/05/2023',	'23/06/2023',	 'INATIVA'), 
(6428,	40101,	13,	'10/05/2023 16:21',	'15/02/2024',	NULL	 , 'ATIVA'), 
(6426,	40125,	6,	'10/05/2023 17:33',	'28/04/2024',	'20/06/2023',	 'INATIVA'), 
(6429,	40154,	6,	'11/05/2023 08:35',	'04/07/2023',	'05/09/2023',	 'INATIVA'), 
(6430,	40122,	19,	'11/05/2023 14:49',	'26/05/2023',	'31/05/2023',	 'INATIVA'), 
(6431,	40103,	29,	'15/05/2023 11:05',	'04/06/2023',	NULL	 , 'ATIVA'), 
(6432,	40143,	41,	'15/05/2023 16:19',	'15/02/2024',	NULL	 , 'ATIVA'), 
(6433,	40145,	41,	'15/05/2023 17:06',	'09/07/2023',	NULL	 , 'ATIVA'), 
(6434,	40153,	41,	'15/05/2023 18:27',	'26/06/2023',	NULL	 , 'ATIVA'), 
(6435,	40135,	51,	'17/05/2023 14:16',	'09/07/2023',	NULL,	'CANCELADA'),
(6436,	40102,	10,	'17/05/2023 18:13',	'21/12/2023',	NULL	 , 'ATIVA'), 
(6437,	40123,	30,	'17/05/2023 18:32',	'15/02/2024',	NULL,	'CANCELADA'),
(6440,	40145,	43,	'18/05/2023 12:42',	'28/04/2024',	'22/05/2023',	 'INATIVA'), 
(6438,	40122,	10,	'18/05/2023 12:48',	'21/12/2023',	NULL	 , 'ATIVA'), 
(6439,	40154,	10,	'18/05/2023 16:51',	'21/12/2023',	NULL	 , 'ATIVA'), 
(6441,	40148,	49,	'19/05/2023 12:29',	'02/06/2023',	'22/05/2023',	 'INATIVA'), 
(6442,	40146,	18,	'19/05/2023 16:19',	'02/06/2023',	NULL	 , 'ATIVA'), 
(6446,	40134,	13,	'22/05/2023 09:28',	'09/07/2023',	NULL	 , 'ATIVA'), 
(6444,	40122,	22,	'22/05/2023 11:50',	'26/05/2023',	'23/06/2023',	 'INATIVA'), 
(6445,	40104,	30,	'22/05/2023 12:42',	'22/12/2023',	NULL,	'CANCELADA'),
(6443,	40146,	19,	'22/05/2023 18:42',	'21/12/2023',	'07/06/2023',	 'INATIVA'), 
(6447,	40156,	23,	'24/05/2023 18:11',	'07/06/2023',	'25/05/2023',	 'INATIVA'), 
(6450,	40143,	18,	'25/05/2023 09:20',	'16/06/2023',	NULL	 , 'ATIVA'), 
(6448,	40113,	43,	'25/05/2023 10:23',	'08/06/2023',	'02/06/2023',	 'INATIVA'), 
(6449,	40155,	28,	'25/05/2023 13:24',	'08/06/2023',	NULL	 , 'ATIVA'), 
(6453,	40112,	29,	'26/05/2023 12:32',	'15/02/2024',	NULL	 , 'ATIVA'), 
(6451,	40146,	8,	'26/05/2023 15:16',	'26/05/2023',	NULL	 , 'ATIVA'), 
(6452,	40134,	22,	'26/05/2023 18:20',	'21/12/2023',	'30/06/2023',	 'INATIVA'), 
(6454,	40104,	40,	'29/05/2023 15:56',	'12/06/2023',	'14/06/2023',	 'INATIVA'), 
(6455,	40123,	8,	'31/05/2023 10:59',	'23/06/2023',	NULL	 , 'ATIVA'), 
(6457,	40135,	20,	'01/06/2023 08:14',	'04/07/2023',	'07/06/2023',	 'INATIVA'), 
(6458,	40149,	18,	'01/06/2023 11:58',	'15/02/2024',	NULL	 , 'ATIVA'), 
(6456,	40102,	4,	'01/06/2023 13:32',	'04/07/2023',	'02/08/2023',	 'INATIVA'), 
(6460,	40134,	30,	'02/06/2023 12:10',	'05/12/2023',	NULL,	'CANCELADA'),
(6459,	40141,	29,	'02/06/2023 17:42',	'28/04/2024',	NULL	 , 'ATIVA'), 
(6465,	40105,	45,	'05/06/2023 08:27',	'19/06/2023',	'12/06/2023',	 'INATIVA'), 
(6463,	40113,	13,	'05/06/2023 11:34',	'23/07/2023',	NULL	 , 'ATIVA'), 
(6461,	40134,	17,	'05/06/2023 13:19',	'19/06/2023',	NULL	 , 'ATIVA'), 
(6464,	40105,	15,	'05/06/2023 16:57',	'19/06/2023',	'19/06/2023',	 'INATIVA'), 
(6462,	40103,	49,	'05/06/2023 17:51',	'19/06/2023',	'07/06/2023',	 'INATIVA'), 
(6468,	40105,	13,	'06/06/2023 10:05',	'29/10/2023',	NULL	 , 'ATIVA'), 
(6470,	40142,	51,	'06/06/2023 10:48',	'29/10/2023',	NULL,	'CANCELADA'),
(6469,	40142,	30,	'06/06/2023 11:12',	'20/12/2023',	NULL,	'CANCELADA'),
(6466,	40158,	51,	'06/06/2023 13:55',	'23/07/2023',	NULL,	'CANCELADA'),
(6467,	40158,	23,	'06/06/2023 13:59',	'20/06/2023',	'15/06/2023',	 'INATIVA'), 
(6474,	40146,	46,	'07/06/2023 10:39',	'21/12/2023',	'23/08/2023',	 'INATIVA'), 
(6472,	40113,	19,	'07/06/2023 11:10',	'21/12/2023',	'15/11/2023',	 'INATIVA'), 
(6471,	40141,	20,	'07/06/2023 13:17',	'21/12/2023',	'21/06/2023',	 'INATIVA'), 
(6473,	40134,	34,	'07/06/2023 17:50',	'21/12/2023',	NULL	 , 'ATIVA'), 
(6475,	40124,	9,	'08/06/2023 13:33',	'09/07/2023',	NULL	 , 'ATIVA'), 
(6476,	40143,	22,	'08/06/2023 14:52',	'29/07/2023',	NULL	 , 'ATIVA'), 
(6477,	40135,	4,	'09/06/2023 09:08',	'28/04/2024',	'18/08/2023',	 'INATIVA'), 
(6479,	40105,	7,	'09/06/2023 12:09',	'23/06/2023',	'15/06/2023',	 'INATIVA'), 
(6478,	40102,	45,	'09/06/2023 15:04',	'26/06/2023',	'29/06/2023',	 'INATIVA'), 
(6481,	40144,	44,	'13/06/2023 15:54',	'25/10/2023',	'23/06/2023',	 'INATIVA'), 
(6480,	40152,	19,	'13/06/2023 17:30',	'01/08/2023',	'29/11/2023',	 'INATIVA'), 
(6483,	40151,	27,	'14/06/2023 08:08',	'21/12/2023',	'24/08/2023',	 'INATIVA'), 
(6482,	40101,	13,	'14/06/2023 15:53',	'20/08/2023',	NULL	 , 'ATIVA'), 
(6485,	40155,	19,	'15/06/2023 11:17',	'11/10/2023',	NULL	 , 'ATIVA'), 
(6486,	40147,	6,	'15/06/2023 12:42',	'29/10/2023',	NULL,	'CANCELADA'),
(6484,	40148,	4,	'15/06/2023 16:11',	'29/10/2023',	'24/08/2023',	 'INATIVA'), 
(6487,	40149,	9,	'19/06/2023 08:11',	'23/07/2023',	NULL	 , 'ATIVA'), 
(6489,	40149,	15,	'19/06/2023 12:46',	'03/07/2023',	'27/06/2023',	 'INATIVA'), 
(6488,	40112,	50,	'19/06/2023 14:24',	'03/07/2023',	'30/06/2023',	 'INATIVA'), 
(6490,	40155,	27,	'19/06/2023 15:42',	'26/05/2023',	'05/09/2023',	 'INATIVA'), 
(6491,	40121,	50,	'19/06/2023 16:21',	'15/02/2024',	'27/09/2023',	 'INATIVA'), 
(6494,	40144,	49,	'20/06/2023 11:31',	'04/07/2023',	'27/06/2023',	 'INATIVA'), 
(6493,	40131,	19,	'20/06/2023 15:03',	'25/10/2023',	NULL	 , 'ATIVA'), 
(6492,	40146,	50,	'20/06/2023 16:47',	'28/04/2024',	'16/10/2023',	 'INATIVA'), 
(6495,	40146,	40,	'20/06/2023 17:09',	'04/07/2023',	'29/06/2023',	 'INATIVA'), 
(6496,	40114,	49,	'21/06/2023 16:44',	'15/02/2024',	'24/08/2023',	 'INATIVA'), 
(6497,	40145,	46,	'21/06/2023 17:25',	'01/08/2023',	'12/09/2023',	 'INATIVA'), 
(6498,	40131,	25,	'22/06/2023 10:32',	'11/10/2023',	'21/09/2023',	 'INATIVA'), 
(6499,	40135,	50,	'23/06/2023 14:09',	'03/10/2023',	'26/10/2023',	 'INATIVA'), 
(6501,	40124,	38,	'27/06/2023 09:18',	'04/09/2023',	NULL	 , 'ATIVA'), 
(6502,	40124,	45,	'27/06/2023 13:24',	'15/02/2024',	'08/08/2023',	 'INATIVA'), 
(6500,	40102,	38,	'27/06/2023 14:36',	'15/02/2024',	NULL	 , 'ATIVA'), 
(6503,	40134,	49,	'27/06/2023 14:41',	'04/09/2023',	'03/10/2023',	 'INATIVA'), 
(6506,	40135,	28,	'28/06/2023 12:20',	'26/05/2023',	NULL	 , 'ATIVA'), 
(6504,	40101,	27,	'28/06/2023 13:15',	'15/02/2024',	'22/09/2023',	 'INATIVA'), 
(6505,	40111,	19,	'28/06/2023 16:41',	'09/01/2024',	NULL	 , 'ATIVA'), 
(6508,	40156,	33,	'29/06/2023 13:15',	'13/07/2023',	NULL	 , 'ATIVA'), 
(6507,	40103,	2,	'29/06/2023 13:44',	'13/07/2023',	NULL	 , 'ATIVA'), 
(6509,	40111,	30,	'30/06/2023 08:53',	'18/11/2023',	NULL	 , 'ATIVA'), 
(6513,	40134,	9,	'01/08/2023 12:15',	'09/01/2024',	NULL	 , 'ATIVA'), 
(6512,	40122,	38,	'01/08/2023 12:32',	'09/01/2024',	NULL	 , 'ATIVA'), 
(6510,	40102,	28,	'01/08/2023 16:56',	'09/01/2024',	NULL	 , 'ATIVA'), 
(6511,	40158,	6,	'01/08/2023 18:51',	'09/01/2024',	NULL,	'CANCELADA'),
(6515,	40145,	12,	'02/08/2023 08:37',	'22/11/2023',	'31/10/2023',	 'INATIVA'), 
(6518,	40143,	2,	'02/08/2023 14:30',	'09/01/2024',	NULL	 , 'ATIVA'), 
(6514,	40112,	12,	'02/08/2023 15:39',	'09/01/2024',	'08/11/2023',	 'INATIVA'), 
(6517,	40135,	38,	'02/08/2023 17:41',	'14/02/2024',	NULL	 , 'ATIVA'), 
(6516,	40135,	22,	'02/08/2023 17:54',	'09/01/2024',	NULL	 , 'ATIVA'), 
(6520,	40149,	9,	'03/08/2023 12:26',	'14/02/2024',	NULL	 , 'ATIVA'), 
(6522,	40123,	2,	'03/08/2023 14:41',	'22/11/2023',	NULL	 , 'ATIVA'), 
(6523,	40148,	6,	'03/08/2023 14:44',	'14/02/2024',	NULL,	'CANCELADA'),
(6519,	40153,	28,	'03/08/2023 15:38',	'14/02/2024',	NULL	 , 'ATIVA'), 
(6521,	40121,	28,	'03/08/2023 16:23',	'12/09/2023',	NULL	 , 'ATIVA'), 
(6525,	40149,	19,	'04/08/2023 10:42',	'22/11/2023',	NULL	 , 'ATIVA'), 
(6524,	40156,	13,	'04/08/2023 11:28',	'03/09/2023',	NULL	 , 'ATIVA'), 
(6528,	40146,	4,	'07/08/2023 13:31',	'15/02/2024',	NULL,	'CANCELADA'),
(6526,	40147,	20,	'07/08/2023 15:12',	'15/02/2024',	NULL	 , 'ATIVA'), 
(6527,	40141,	22,	'07/08/2023 16:50',	'22/11/2023',	NULL	 , 'ATIVA'), 
(6531,	40125,	30,	'08/08/2023 09:21',	'02/12/2023',	NULL	 , 'ATIVA'), 
(6532,	40123,	13,	'08/08/2023 13:21',	'17/09/2023',	NULL	 , 'ATIVA'), 
(6530,	40147,	20,	'08/08/2023 14:01',	'22/12/2023',	NULL	 , 'ATIVA'), 
(6529,	40154,	15,	'08/08/2023 15:32',	'22/12/2023',	'11/09/2023',	 'INATIVA'), 
(6533,	40155,	4,	'09/08/2023 09:16',	'22/12/2023',	NULL,	'CANCELADA'),
(6534,	40142,	50,	'09/08/2023 15:54',	'27/01/2024',	NULL,	'CANCELADA'),
(6535,	40148,	22,	'11/08/2023 10:49',	'05/12/2023',	NULL	 , 'ATIVA'), 
(6536,	40145,	40,	'14/08/2023 12:13',	'27/01/2024',	NULL,	'CANCELADA'),
(6539,	40143,	25,	'14/08/2023 13:38',	'27/01/2024',	NULL	 , 'ATIVA'), 
(6538,	40123,	12,	'14/08/2023 14:06',	'05/12/2023',	NULL,	'CANCELADA'),
(6537,	40121,	45,	'14/08/2023 15:18',	'27/01/2024',	'25/08/2023',	 'INATIVA'), 
(6541,	40157,	15,	'15/08/2023 08:23',	'25/09/2023',	'27/09/2023',	 'INATIVA'), 
(6540,	40141,	12,	'15/08/2023 09:29',	'20/12/2023',	NULL,	'CANCELADA'),
(6544,	40115,	28,	'16/08/2023 10:12',	'19/12/2023',	NULL	 , 'ATIVA'), 
(6543,	40146,	12,	'16/08/2023 16:36',	'28/04/2024',	NULL,	'CANCELADA'),
(6542,	40125,	33,	'16/08/2023 17:04',	'22/11/2023',	NULL	 , 'ATIVA'), 
(6546,	40141,	30,	'17/08/2023 09:04',	'16/12/2023',	NULL,	'CANCELADA'),
(6545,	40112,	38,	'17/08/2023 12:10',	'12/09/2023',	NULL	 , 'ATIVA'), 
(6547,	40113,	20,	'17/08/2023 18:55',	'03/10/2023',	NULL	 , 'ATIVA'), 
(6548,	40156,	33,	'18/08/2023 10:12',	'05/12/2023',	NULL	 , 'ATIVA'), 
(6549,	40135,	5,	'18/08/2023 12:25',	'01/09/2023',	'14/09/2023',	 'INATIVA'), 
(6550,	40147,	19,	'21/08/2023 09:13',	'19/12/2023',	NULL	 , 'ATIVA'), 
(6551,	40103,	51,	'21/08/2023 13:04',	'04/09/2023',	'21/09/2023',	 'INATIVA'), 
(6552,	40103,	22,	'21/08/2023 16:36',	'20/12/2023',	NULL	 , 'ATIVA'), 
(6553,	40147,	46,	'22/08/2023 09:07',	'19/12/2023',	'09/10/2023',	 'INATIVA'), 
(6555,	40105,	51,	'22/08/2023 10:31',	'27/01/2024',	'25/09/2023',	 'INATIVA'), 
(6554,	40105,	51,	'22/08/2023 12:35',	'03/10/2023',	'09/10/2023',	 'INATIVA'), 
(6556,	40121,	5,	'22/08/2023 16:03',	'16/04/2023',	'02/10/2023',	 'INATIVA'), 
(6558,	40147,	38,	'23/08/2023 09:35',	'19/12/2023',	NULL	 , 'ATIVA'), 
(6557,	40135,	28,	'23/08/2023 13:24',	'21/12/2023',	NULL	 , 'ATIVA'), 
(6559,	40149,	33,	'23/08/2023 17:23',	'20/12/2023',	NULL	 , 'ATIVA'), 
(6562,	40115,	12,	'24/08/2023 16:52',	'03/10/2023',	'27/11/2023',	 'INATIVA'), 
(6560,	40113,	22,	'24/08/2023 16:56',	'28/04/2024',	NULL	 , 'ATIVA'), 
(6561,	40102,	40,	'24/08/2023 18:28',	'15/02/2024',	NULL,	'CANCELADA'),
(6564,	40113,	33,	'25/08/2023 15:04',	'28/04/2024',	NULL	 , 'ATIVA'), 
(6565,	40114,	5,	'25/08/2023 15:24',	'27/01/2024',	NULL,	'CANCELADA'),
(6563,	40155,	45,	'25/08/2023 16:43',	'15/02/2024',	'06/10/2023',	 'INATIVA'), 
(6567,	40148,	12,	'28/08/2023 09:42',	'14/02/2024',	NULL,	'CANCELADA'),
(6566,	40149,	25,	'28/08/2023 14:23',	'19/02/2024',	NULL	 , 'ATIVA'), 
(6568,	40151,	50,	'28/08/2023 14:49',	'19/02/2024',	NULL,	'CANCELADA'),
(6569,	40154,	12,	'29/08/2023 12:35',	'14/02/2024',	NULL,	'CANCELADA'),
(6570,	40153,	22,	'29/08/2023 14:39',	'03/10/2023',	NULL	 , 'ATIVA'), 
(6572,	40146,	46,	'30/08/2023 10:36',	'10/10/2023',	NULL,	'CANCELADA'),
(6571,	40131,	38,	'30/08/2023 18:50',	'10/10/2023',	NULL	 , 'ATIVA'), 
(6574,	40155,	2,	'31/08/2023 15:16',	'14/09/2023',	NULL	 , 'ATIVA'), 
(6575,	40105,	12,	'31/08/2023 15:19',	'22/12/2023',	NULL,	'CANCELADA'),
(6573,	40153,	24,	'31/08/2023 15:50',	'14/09/2023',	'12/09/2023',	 'INATIVA'), 
(6577,	40155,	22,	'01/09/2023 08:21',	'14/02/2024',	NULL	 , 'ATIVA'), 
(6576,	40103,	4,	'01/09/2023 08:36',	'05/12/2023',	NULL,	'CANCELADA'),
(6579,	40131,	13,	'01/09/2023 10:33',	'01/10/2023',	NULL	 , 'ATIVA'), 
(6580,	40121,	30,	'01/09/2023 12:22',	'14/02/2024',	NULL,	'CANCELADA'),
(6578,	40112,	19,	'01/09/2023 14:07',	'28/03/2024',	NULL	 , 'ATIVA'), 
(6581,	40125,	13,	'04/09/2023 10:09',	'15/10/2023',	NULL	 , 'ATIVA'), 
(6584,	40156,	2,	'05/09/2023 09:17',	'16/04/2023',	NULL	 , 'ATIVA'), 
(6582,	40145,	48,	'05/09/2023 11:09',	'15/02/2024',	NULL	 , 'ATIVA'), 
(6583,	40112,	20,	'05/09/2023 17:59',	'05/12/2023',	NULL	 , 'ATIVA'), 
(6585,	40151,	49,	'06/09/2023 13:51',	'19/12/2023',	NULL,	'CANCELADA'),
(6586,	40102,	51,	'06/09/2023 17:45',	'15/02/2024',	'24/10/2023',	 'INATIVA'), 
(6587,	40122,	2,	'07/09/2023 10:33',	'27/01/2024',	NULL	 , 'ATIVA'), 
(6589,	40113,	15,	'07/09/2023 12:47',	'28/04/2024',	NULL,	'CANCELADA'),
(6588,	40102,	13,	'07/09/2023 16:29',	'12/11/2023',	NULL	 , 'ATIVA'), 
(6590,	40131,	49,	'07/09/2023 18:32',	'10/10/2023',	NULL,	'CANCELADA'),
(6591,	40154,	5,	'08/09/2023 08:21',	'10/02/2024',	NULL,	'CANCELADA'),
(6592,	40101,	15,	'08/09/2023 08:53',	'03/10/2023',	NULL,	'CANCELADA'),
(6593,	40122,	45,	'08/09/2023 12:08',	'22/12/2023',	'16/10/2023',	 'INATIVA'), 
(6594,	40155,	31,	'11/09/2023 13:53',	'25/09/2023',	'22/09/2023',	 'INATIVA'), 
(6595,	40124,	5,	'11/09/2023 15:11',	'24/02/2024',	NULL,	'CANCELADA'),
(6596,	40112,	50,	'12/09/2023 18:07',	'15/02/2024',	NULL,	'CANCELADA'),
(6598,	40156,	22,	'13/09/2023 11:56',	'14/02/2024',	NULL	 , 'ATIVA'), 
(6599,	40155,	50,	'13/09/2023 13:00',	'22/12/2023',	NULL,	'CANCELADA'),
(6597,	40153,	25,	'13/09/2023 15:05',	'15/02/2024',	NULL	 , 'ATIVA'), 
(6600,	40135,	48,	'14/09/2023 08:39',	'03/10/2023',	NULL	 , 'ATIVA'), 
(6601,	40151,	45,	'14/09/2023 17:51',	'16/04/2023',	'26/10/2023',	 'INATIVA'), 
(6603,	40114,	23,	'18/09/2023 10:37',	'27/01/2024',	'29/09/2023',	 'INATIVA'), 
(6602,	40158,	24,	'18/09/2023 10:45',	'27/01/2024',	NULL,	'CANCELADA'),
(6604,	40147,	50,	'18/09/2023 15:36',	'27/01/2024',	NULL,	'CANCELADA'),
(6606,	40157,	33,	'19/09/2023 08:12',	'03/10/2023',	NULL	 , 'ATIVA'), 
(6605,	40115,	2,	'19/09/2023 12:24',	'10/02/2024',	NULL	 , 'ATIVA'), 
(6609,	40111,	38,	'20/09/2023 08:20',	'19/02/2024',	NULL	 , 'ATIVA'), 
(6608,	40102,	19,	'20/09/2023 09:07',	'15/02/2024',	NULL	 , 'ATIVA'), 
(6611,	40101,	30,	'20/09/2023 14:40',	'05/12/2023',	NULL,	'CANCELADA'),
(6610,	40123,	46,	'20/09/2023 15:45',	'24/10/2023',	NULL,	'CANCELADA'),
(6607,	40151,	48,	'20/09/2023 17:00',	'09/01/2024',	NULL	 , 'ATIVA'), 
(6613,	40134,	22,	'21/09/2023 10:04',	'22/12/2023',	NULL	 , 'ATIVA'), 
(6612,	40153,	4,	'21/09/2023 17:11',	'03/10/2023',	'25/09/2023',	 'INATIVA'), 
(6615,	40105,	23,	'22/09/2023 12:04',	'15/02/2024',	'17/10/2023',	 'INATIVA'), 
(6616,	40115,	23,	'22/09/2023 13:55',	'03/11/2023',	'31/10/2023',	 'INATIVA'), 
(6614,	40143,	30,	'22/09/2023 15:40',	'13/03/2024',	NULL,	'CANCELADA'),
(6618,	40113,	51,	'25/09/2023 14:11',	'06/06/2024',	'10/11/2023',	 'INATIVA'), 
(6617,	40153,	44,	'25/09/2023 18:53',	'15/02/2024',	'27/09/2023',	 'INATIVA'), 
(6620,	40114,	48,	'26/09/2023 08:28',	'14/02/2024',	NULL	 , 'ATIVA'), 
(6621,	40146,	22,	'26/09/2023 08:55',	'13/03/2024',	NULL	 , 'ATIVA'), 
(6619,	40124,	12,	'26/09/2023 15:56',	'13/03/2024',	NULL,	'CANCELADA'),
(6624,	40143,	31,	'27/09/2023 09:04',	'18/11/2023',	'18/10/2023',	 'INATIVA'), 
(6622,	40104,	19,	'27/09/2023 12:18',	'20/03/2024',	NULL	 , 'ATIVA'), 
(6623,	40158,	24,	'27/09/2023 15:59',	'18/11/2023',	'10/10/2023',	 'INATIVA'), 
(6625,	40146,	51,	'28/09/2023 09:05',	'20/03/2024',	'20/11/2023',	 'INATIVA'), 
(6626,	40113,	33,	'28/09/2023 11:01',	'10/11/2023',	NULL	 , 'ATIVA'), 
(6627,	40102,	48,	'28/09/2023 16:23',	'05/12/2023',	NULL	 , 'ATIVA'), 
(6628,	40141,	22,	'29/09/2023 11:00',	'03/01/2024',	NULL	 , 'ATIVA'), 
(6629,	40114,	30,	'29/09/2023 17:36',	'10/02/2024',	NULL,	'CANCELADA'),
(6632,	40101,	2,	'02/10/2023 11:33',	'24/02/2024',	NULL	 , 'ATIVA'), 
(6631,	40131,	20,	'02/10/2023 15:03',	'13/03/2024',	NULL	 , 'ATIVA'), 
(6630,	40125,	23,	'02/10/2023 18:26',	'29/01/2024',	'07/11/2023',	 'INATIVA'), 
(6634,	40121,	4,	'03/10/2023 08:47',	'09/01/2024',	'20/10/2023',	 'INATIVA'), 
(6633,	40148,	24,	'03/10/2023 11:21',	'24/10/2023',	'17/10/2023',	 'INATIVA'), 
(6635,	40115,	33,	'04/10/2023 15:01',	'11/03/2024',	NULL	 , 'ATIVA'), 
(6637,	40113,	2,	'04/10/2023 15:41',	'15/02/2024',	NULL	 , 'ATIVA'), 
(6636,	40103,	19,	'04/10/2023 16:00',	'13/02/2024',	NULL	 , 'ATIVA'), 
(6638,	40121,	15,	'05/10/2023 14:48',	'11/03/2024',	NULL,	'CANCELADA'),
(6639,	40113,	2,	'05/10/2023 15:13',	'07/12/2023',	NULL	 , 'ATIVA'), 
(6640,	40151,	22,	'06/10/2023 17:36',	'11/03/2024',	NULL	 , 'ATIVA'), 
(6644,	40156,	20,	'09/10/2023 10:38',	'29/02/2024',	NULL	 , 'ATIVA'), 
(6641,	40147,	19,	'09/10/2023 14:40',	'06/06/2024',	NULL	 , 'ATIVA'), 
(6642,	40115,	50,	'09/10/2023 15:47',	'10/02/2024',	NULL,	'CANCELADA'),
(6643,	40111,	24,	'09/10/2023 17:08',	'14/02/2024',	NULL,	'CANCELADA'),
(6645,	40158,	44,	'10/10/2023 08:25',	'24/10/2023',	NULL	 , 'ATIVA'), 
(6649,	40124,	6,	'10/10/2023 10:08',	'24/10/2023',	'20/10/2023',	 'INATIVA'), 
(6647,	40151,	44,	'10/10/2023 10:57',	'14/02/2024',	NULL	 , 'ATIVA'), 
(6646,	40155,	19,	'10/10/2023 12:00',	'20/06/2024',	NULL	 , 'ATIVA'), 
(6648,	40122,	50,	'10/10/2023 18:00',	'24/02/2024',	NULL,	'CANCELADA'),
(6652,	40123,	30,	'11/10/2023 11:50',	'24/02/2024',	NULL,	'CANCELADA'),
(6651,	40134,	48,	'11/10/2023 12:09',	'22/02/2024',	NULL	 , 'ATIVA'), 
(6650,	40102,	20,	'11/10/2023 17:03',	'14/03/2024',	NULL	 , 'ATIVA'), 
(6654,	40155,	22,	'12/10/2023 13:44',	'25/03/2024',	NULL	 , 'ATIVA'), 
(6653,	40142,	24,	'12/10/2023 14:46',	'05/12/2023',	NULL,	'CANCELADA'),
(6655,	40123,	31,	'13/10/2023 12:02',	'03/11/2023',	'20/10/2023',	 'INATIVA'), 
(6656,	40122,	50,	'13/10/2023 12:21',	'28/06/2024',	NULL,	'CANCELADA'),
(6657,	40102,	46,	'16/10/2023 17:17',	'30/10/2023',	'26/10/2023',	 'INATIVA'), 
(6659,	40134,	44,	'17/10/2023 10:15',	'05/12/2023',	NULL	 , 'ATIVA'), 
(6658,	40155,	24,	'17/10/2023 17:09',	'20/12/2023',	NULL,	'CANCELADA'),
(6661,	40148,	30,	'18/10/2023 08:54',	'03/01/2024',	NULL,	'CANCELADA'),
(6660,	40135,	6,	'18/10/2023 16:14',	'03/11/2023',	'31/10/2023',	 'INATIVA'), 
(6665,	40151,	43,	'19/10/2023 11:10',	'16/11/2023',	'25/10/2023',	 'INATIVA'), 
(6662,	40151,	12,	'19/10/2023 11:59',	'12/05/2024',	NULL,	'CANCELADA'),
(6663,	40155,	20,	'19/10/2023 12:36',	'20/03/2024',	NULL	 , 'ATIVA'), 
(6664,	40123,	43,	'19/10/2023 18:36',	'18/11/2023',	'17/11/2023',	 'INATIVA'), 
(6666,	40124,	46,	'20/10/2023 08:16',	'24/02/2024',	'14/11/2023',	 'INATIVA'), 
(6667,	40156,	12,	'20/10/2023 18:50',	'26/05/2024',	NULL,	'CANCELADA'),
(6671,	40131,	20,	'23/10/2023 09:28',	'14/05/2024',	NULL	 , 'ATIVA'), 
(6670,	40153,	50,	'23/10/2023 12:34',	'12/07/2024',	NULL,	'CANCELADA'),
(6668,	40113,	23,	'23/10/2023 15:44',	'13/02/2024',	'17/11/2023',	 'INATIVA'), 
(6669,	40104,	23,	'23/10/2023 16:23',	'20/03/2024',	NULL	 , 'ATIVA'), 
(6672,	40157,	2,	'24/10/2023 08:26',	'21/12/2023',	NULL	 , 'ATIVA'), 
(6674,	40101,	24,	'25/10/2023 08:09',	'04/12/2023',	NULL,	'CANCELADA'),
(6673,	40103,	2,	'25/10/2023 11:00',	'28/03/2024',	NULL	 , 'ATIVA'), 
(6677,	40121,	2,	'26/10/2023 08:19',	'28/11/2023',	NULL	 , 'ATIVA'), 
(6675,	40142,	30,	'26/10/2023 09:35',	'28/11/2023',	NULL,	'CANCELADA'),
(6676,	40152,	43,	'26/10/2023 10:24',	'08/11/2023',	NULL	 , 'ATIVA'), 
(6678,	40146,	38,	'27/10/2023 08:36',	'04/03/2024',	NULL	 , 'ATIVA'), 
(6679,	40143,	49,	'27/10/2023 14:22',	'10/11/2023',	'08/11/2023',	 'INATIVA'), 
(6681,	40124,	49,	'30/10/2023 10:03',	'22/11/2023',	'21/11/2023',	 'INATIVA'), 
(6680,	40103,	50,	'30/10/2023 13:59',	'26/07/2024',	NULL,	'CANCELADA'),
(6684,	40125,	40,	'02/11/2023 09:28',	'16/11/2023',	'07/11/2023',	 'INATIVA'), 
(6683,	40111,	51,	'02/11/2023 13:37',	'29/02/2024',	NULL	 , 'ATIVA'), 
(6682,	40113,	46,	'02/11/2023 17:30',	'28/11/2023',	'20/11/2023',	 'INATIVA'), 
(6686,	40148,	25,	'06/11/2023 08:41',	'04/03/2024',	NULL	 , 'ATIVA'), 
(6685,	40151,	44,	'06/11/2023 12:37',	'15/01/2024',	NULL	 , 'ATIVA'), 
(6687,	40151,	40,	'06/11/2023 13:09',	'13/02/2024',	'13/11/2023',	 'INATIVA'), 
(6689,	40153,	25,	'07/11/2023 09:41',	'18/03/2024',	NULL	 , 'ATIVA'), 
(6688,	40115,	23,	'07/11/2023 13:32',	'14/05/2024',	NULL	 , 'ATIVA'), 
(6692,	40149,	23,	'08/11/2023 08:00',	'28/05/2024',	NULL	 , 'ATIVA'), 
(6690,	40104,	44,	'08/11/2023 12:17',	'28/02/2024',	NULL	 , 'ATIVA'), 
(6691,	40155,	46,	'08/11/2023 18:19',	'04/12/2023',	NULL	 , 'ATIVA'), 
(6693,	40115,	51,	'09/11/2023 08:12',	'14/03/2024',	NULL	 , 'ATIVA'), 
(6695,	40148,	49,	'09/11/2023 12:00',	'05/12/2023',	'24/11/2023',	 'INATIVA'), 
(6694,	40113,	22,	'09/11/2023 16:15',	'12/05/2024',	NULL	 , 'ATIVA'), 
(6696,	40115,	50,	'09/11/2023 16:44',	'09/08/2024',	NULL,	'CANCELADA'),
(6699,	40105,	13,	'10/11/2023 10:33',	'26/11/2023',	NULL	 , 'ATIVA'), 
(6697,	40101,	1,	'10/11/2023 13:27',	'24/11/2023',	'15/11/2023',	 'INATIVA'), 
(6698,	40145,	51,	'10/11/2023 14:10',	'28/03/2024',	NULL	 , 'ATIVA'), 
(6702,	40158,	12,	'13/11/2023 11:18',	'09/06/2024',	NULL,	'CANCELADA'),
(6700,	40144,	44,	'13/11/2023 17:13',	'13/03/2024',	NULL	 , 'ATIVA'), 
(6701,	40157,	38,	'13/11/2023 18:39',	'18/03/2024',	NULL	 , 'ATIVA'), 
(6704,	40141,	33,	'14/11/2023 14:58',	'12/05/2024',	NULL	 , 'ATIVA'), 
(6703,	40144,	1,	'14/11/2023 18:43',	'28/03/2024',	'21/11/2023',	 'INATIVA'), 
(6705,	40103,	13,	'15/11/2023 13:25',	'10/12/2023',	NULL	 , 'ATIVA'), 
(6708,	40147,	44,	'15/11/2023 14:38',	'27/03/2024',	NULL	 , 'ATIVA'), 
(6706,	40146,	23,	'15/11/2023 17:35',	'11/06/2024',	NULL	 , 'ATIVA'), 
(6707,	40104,	1,	'15/11/2023 18:09',	'05/12/2023',	NULL	 , 'ATIVA'), 
(6709,	40156,	40,	'16/11/2023 11:05',	'30/11/2023',	NULL	 , 'ATIVA'), 
(6712,	40111,	23,	'16/11/2023 13:38',	'09/07/2024',	NULL	 , 'ATIVA'), 
(6711,	40142,	25,	'16/11/2023 14:12',	'01/04/2024',	NULL	 , 'ATIVA'), 
(6710,	40111,	23,	'16/11/2023 14:44',	'25/06/2024',	NULL	 , 'ATIVA'), 
(6714,	40148,	23,	'17/11/2023 17:14',	'23/07/2024',	NULL	 , 'ATIVA'), 
(6713,	40125,	31,	'17/11/2023 18:51',	'01/12/2023',	'27/11/2023',	 'INATIVA'), 
(6716,	40105,	40,	'20/11/2023 08:33',	'14/12/2023',	NULL,	'CANCELADA'),
(6715,	40105,	1,	'20/11/2023 16:06',	'19/12/2023',	NULL	 , 'ATIVA'), 
(6719,	40125,	23,	'21/11/2023 11:51',	'20/08/2024',	NULL	 , 'ATIVA'), 
(6720,	40146,	13,	'21/11/2023 14:41',	'24/12/2023',	NULL	 , 'ATIVA'), 
(6718,	40115,	23,	'21/11/2023 17:27',	'06/08/2024',	NULL	 , 'ATIVA'), 
(6717,	40113,	20,	'21/11/2023 18:08',	'28/05/2024',	NULL	 , 'ATIVA'), 
(6722,	40144,	7,	'22/11/2023 09:41',	'06/12/2023',	'23/11/2023',	 'INATIVA'), 
(6721,	40115,	40,	'22/11/2023 16:42',	'28/12/2023',	NULL,	'CANCELADA'),
(6723,	40144,	43,	'23/11/2023 08:48',	'07/12/2023',	NULL	 , 'ATIVA'), 
(6724,	40124,	15,	'23/11/2023 16:43',	'07/12/2023',	NULL	 , 'ATIVA'), 
(6725,	40149,	22,	'23/11/2023 18:11',	'26/05/2024',	NULL	 , 'ATIVA'), 
(6727,	40112,	46,	'24/11/2023 17:44',	'18/12/2023',	NULL,	'CANCELADA'),
(6726,	40151,	1,	'24/11/2023 18:37',	'02/01/2024',	NULL	 , 'ATIVA'), 
(6728,	40144,	22,	'27/11/2023 16:41',	'09/06/2024',	NULL	 , 'ATIVA'), 
(6731,	40112,	20,	'28/11/2023 11:10',	'11/06/2024',	NULL	 , 'ATIVA'), 
(6730,	40103,	3,	'28/11/2023 12:52',	'26/12/2023',	NULL	 , 'ATIVA'), 
(6729,	40131,	3,	'28/11/2023 13:25',	'12/12/2023',	NULL	 , 'ATIVA'), 
(6732,	40115,	51,	'30/11/2023 11:26',	'11/04/2024',	NULL	 , 'ATIVA'), 
(6733,	40103,	33,	'30/11/2023 14:00',	'26/05/2024',	NULL	 , 'ATIVA');