-- Populando autor
INSERT INTO autor (cod_autor,nome_autor,pais_autor)
	VALUES
	(1,'Robert C. Martin ','Estados Unidos'),
	(2,'Andrew Hunt','Inglaterra'),
	(3,'David Thomas','Inglaterra'),
	(4,'Yuval Noah Harari','Israel'),
	(5,'Walter Isaacson','Estados Unidos'),
	(6,'Eric Matthes','Estados Unidos'),
	(7,'Erich Gamma','Suiça'),
	(8,'Richard Helm','Estados Unidos'),
	(9,'Ralph Johnson','Estados Unidos'),
	(10,'Gene Kim','Estados Unidos'),
	(11,'Kevin Behr','Estados Unidos'),
	(12,'George Spafford','Estados Unidos'),
	(13,'Karina Vazquez','Brasil'),
	(14,'Mark Manson','Estados Unidos'),
	(15,'Andreas M. Antonopoulos','Grécia'),
	(16,'Charles Duhigg','Mexico'),
	(17,'Timothy Ferriss','Estados Unidos'),
	(18,'Carol S. Dweck ','Estados Unidos'),
	(19,'Robert T. Kiyosaki','Estados Unidos');
	
-- Populando situação
INSERT INTO situacao (cod_situacao,descr_situacao)
	VALUES
	(1,'Disponível'),
	(2,'Emprestado'),
	(3,'Manutenção'),
	(4,'Perdido');

-- Populando Tema
INSERT INTO tema (cod_tema, descr_tema)
	VALUES
	(1,'Blockchain'),
	(2,'Boas práticas de codificação'),
	(3,'Criptomoedas'),
	(4,'Desenvolvimento de software'),
	(5,'Desenvolvimento pessoal'),
	(6,'DevOps'),
	(7,'Dicas'),
	(8,'Educação financeira'),
	(9,'Engenharia de software'),
	(10,'Finanças pessoais'),
	(11,'Hábitos'),
	(12,'História da humanidade e da civilização'),
	(13,'História da tecnologia e inovação'),
	(14,'Inteligência artificial e suas aplicações'),
	(15,'Introdução à programação'),
	(16,'Investimentos'),
	(17,'Mudança comportamental'),
	(18,'Padrões de design'),
	(19,'Programação'),
	(20,'Programação em Python'),
	(21,'Psicologia positiva'),
	(22,'Técnicas para programadores'),
	(23,'Tecnologia financeira'),
	(24,'Tecnologia da informação');

-- Populando tipo_matricula
INSERT INTO tipo_matricula (cod_tipo_matricula,descr_tipo_matricula)
	VALUES
	(1,'Estudante'),
	(2,'Professor'),
	(3,'Funcionário'),
	(4,'Externo');
 
 --Populando instituicao
INSERT INTO instituicao (cod_instituicao, nome_instituicao, endereco_instituicao, etec_fatec)
	VALUES
	(1, 'Fatec Sao Paulo', 'Av. Tiradentes, 615 - Bom Retiro - Sao Paulo/SP', 'Fatec'),
	(2, 'Fatec Pastor Eneas Tognini', 'R. Frei João, 59 - Vila Nair - Sao Paulo/SP', 'Fatec'), 
	(3, 'Fatec SEBRAE', 'Alameda Nothman 598 - Campos Eliseos - Sao Paulo/SP', 'Fatec'),
	(4, 'Etec Getulio Vargas', 'Rua Moreira e Costa, 243 - Ipiranga - Sao Paulo/SP', 'Etec'),
	(5, 'Etec Lauro Gomes', 'Av. Pereira Barreto, 400 - Vila Baeta Neves - Sao Bernardo do Campo/SP', 'Etec');

--Populando Estante
INSERT INTO estante (num_estante, cod_instituicao)
	VALUES
	(1, 1),
	(2, 1),
	(3, 1),
	(4, 1),
	(5, 1),
	(1, 2),
	(2, 2),
	(3, 2),
	(4, 2),
	(5, 2),
	(1, 3),
	(2, 3),
	(3, 3),
	(4, 3),
	(5, 3),
	(1, 4),
	(2, 4),
	(3, 4),
	(4, 4),
	(5, 4),
	(1, 5),
	(2, 5),
	(3, 5),
	(4, 5),
	(5, 5);

--Populando Livro
INSERT INTO livro (ISBN, titulo, subtitulo, dt_publ, editora, edicao, local_publ)
	VALUES
	(0132350884, 'Clean Code', 'A Handbook of Agile Software Craftsmanship', '2008-08-11', 'Prentice Hall', 1, 'Nova York, EUA'),
	(0137081073, 'The Clean Coder', 'A Code of Conduct for Professional Programmers', '2011-05-23', 'Prentice Hall', 1, 'Nova York, EUA'),
	(0201616224, 'The Pragmatic Programmer', 'Your Journey to Mastery', '1999-10-20', 'Addison-Wesley Professional', 1, 'Boston, EUA'),
	(0201734843, 'Pragmatic Unit Testing in Java with JUnit', NULL, '2003-09-08', 'Addison-Wesley Professional', 1, 'Boston, EUA'),
	(0062316110, 'Sapiens: A Brief History of Humankind', NULL, '2015-02-10', 'Harper', 1, 'Nova York, EUA'),
	(0062464316, 'Homo Deus: A Brief History of Tomorrow', NULL, '2017-02-21', 'Harper', 1, 'Nova York, EUA'),
	(0743264730, 'Benjamin Franklin: An American Life', NULL, '2003-07-04', 'Simon & Schuster', 1, 'Nova York, EUA'),
	(1501127620, 'Steve Jobs', NULL, '2011-10-24', 'Simon & Schuster', 1, 'Nova York, EUA'),
	(1593276034, 'Python Crash Course', 'A Hands-On, Project-Based Introduction to Programming', '2015-11-20', 'No Starch Press', 1, 'São Francisco, EUA'),
	(1593279912, 'Python Crash Course', 'A Hands-On, Project-Based Introduction to Programming', '2019-05-08', 'No Starch Press', 2, 'São Francisco, EUA'),
	(0201633610, 'Design Patterns', 'Elements of Reusable Object-Oriented Software', '1994-10-31', 'Addison-Wesley Professional', 1, 'Boston, EUA'),
	(1942788003, 'The Phoenix Project', 'A Novel About IT, DevOps, and Helping Your Business Win', '2013-01-10', 'IT Revolution Press', 1, 'Portland, EUA'),
	(0062457714, 'The Subtle Art of Not Giving a F*ck', 'A Counterintuitive Approach to Living a Good Life', '2016-09-13', 'HarperOne', 1, 'Nova York, EUA'),
	(0062885422, 'Everything Is F*cked', 'A Book About Hope', '2019-05-14', 'Harper', 1, 'Nova York, EUA'),
	(1491954386, 'Mastering Bitcoin', 'Unlocking Digital Cryptocurrencies', '2014-12-24', 'O´Reilly Media', 1, 'California, EUA'),
	(1491904240, 'Mastering Ethereum', 'Building Smart Contracts and DApps', '2018-12-02', 'O´Reilly Media', 1, 'California, EUA'),
	(1400069286, 'The Power of Habit', 'Why We Do What We Do in Life and Business', '2012-02-28', 'Random House', 1, 'Nova York, EUA'),
	(0812981605, 'Smarter Faster Better', 'The Secrets of Being Productive in Life and Business', '2016-03-08', 'Random House', 1, 'Nova York, EUA'),
	(0307465351, 'The 4-Hour Workweek', 'Escape 9-5, Live Anywhere, and Join the New Rich', '2007-04-24', 'Harmony', 1, 'Nova York, EUA'),
	(0307463630, 'The 4-Hour Body', 'An Uncommon Guide to Rapid Fat-Loss, Incredible Sex, and Becoming Superhuman', '2010-12-14', 'Harmony', 1, 'Nova York, EUA'),
	(0345472328, 'Mindset: The New Psychology of Success', NULL, '2006-12-26', 'Random House', 1, 'Nova York, EUA'), 
	(0345805852, 'Self-Theories: Their Role in Motivation, Personality, and Development', NULL, '1999-07-27', 'Psychology Press', 1, 'Nova York, EUA'),
	(0446677455, 'Rich Dad Poor Dad', 'What the Rich Teach Their Kids About Money That the Poor and Middle Class Do Not!', '1997-06-19', 'Plata Publishing', 2, 'Arizona, EUA'),
	(1612680170, 'Cashflow Quadrant', 'Rich Dad´s Guide to Financial Freedom', '2000-01-01', 'Plata Publishing', 1, 'Arizona, EUA');

-- Populando Exemplar
INSERT INTO exemplar (ISBN, dt_aquisicao, cod_estante, cod_situacao, estado_exemplar)
	VALUES
	(0132350884, '2023-10-22', 1, 1, 'Preservado'),
	(0132350884, '2023-2-22', 1, 1, 'Danificado'),
	(0132350884, '2023-10-22', 1, 1, 'Preservado'),
	(0137081073, '2019-12-14', 2, 1, 'Danificado'),
	(1491904240, '2018-4-1', 1, 1, 'Preservado'),
	(1491904240, '2020-4-10', 1, 1, 'Preservado'),
	(0345805852, '2018-10-26', 3, 1, 'Danificado'),
	(0307463630, '2020-6-14', 10, 1, 'Preservado'),
	(0307463630, '2018-1-24', 1, 1, 'Preservado'),
	(0307463630, '2019-2-24', 5, 1, 'Preservado'),
	(0201734843, '2014-3-21', 18, 1, 'Preservado'),
	(0201734843, '2014-4-21', 17, 1, 'Danificado'),
	(0201734843, '2013-5-15', 14, 1, 'Preservado'),
	(0062457714, '2018-6-17', 15, 1, 'Preservado'),
	(0062457714, '2019-7-19', 18, 1, 'Danificado'),
	(0062457714, '2018-8-29', 19, 1, 'Preservado'),
	(0446677455, '2018-9-30', 1, 1, 'Danificado'),
	(0446677455, '2017-10-24', 9, 1, 'Preservado'),
	(0446677455, '2015-11-25', 19, 1, 'Danificado'),
	(0062464316, '2018-12-20', 8, 1, 'Preservado'),
	(0062464316, '2021-1-20', 9, 1, 'Preservado'),
	(0062464316, '2020-1-10', 6, 1, 'Preservado'),
	(0201616224, '2020-1-19', 5, 1, 'Preservado'),
	(0201616224, '2018-12-18', 8, 1, 'Danificado'),
	(0201616224, '2017-2-1', 7, 1, 'Preservado'),
	(0201616224, '2018-2-15', 5, 1, 'Danificado'),
	(0345472328, '2019-2-5', 6, 1, 'Preservado'),
	(0345472328, '2020-2-9', 5, 1, 'Preservado'),
	(0345472328, '2021-3-7', 4, 1, 'Danificado'),
	(0345472328, '2021-5-4', 8, 1, 'Preservado'),
	(0132350884, '2022-5-5', 7, 1, 'Preservado'),
	(0132350884, '2019-4-4', 24, 1, 'Danificado'),
	(0132350884, '2019-4-9', 8, 1, 'Preservado'),
	(1942788003, '2018-7-6', 25, 1, 'Danificado'),
	(1942788003, '2018-8-5', 23, 1, 'Preservado'),
	(1942788003, '2017-8-4', 23, 1, 'Danificado'),
	(0345472328, '2017-8-7', 22, 1, 'Preservado'),
	(0345472328, '2019-7-8', 21, 1, 'Danificado'),
	(0345472328, '2019-7-9', 21, 1, 'Danificado'),
	(0446677455, '2020-4-1', 20, 1, 'Preservado'),
	(0446677455, '2022-9-2', 10, 1, 'Preservado'),
	(0201633610, '2021-5-15', 10, 1, 'Preservado'),
	(1593276034, '2022-6-18', 16, 1, 'Preservado'),
	(1942788003, '2020-6-19', 15, 1, 'Preservado'),
	(0062457714, '2017-4-5', 14, 1, 'Preservado'),
	(0062885422, '2019-4-7', 14, 1, 'Danificado'),
	(1491954386, '2018-8-9', 18, 1, 'Preservado'),
	(1491904240, '2017-4-6', 17, 1, 'Preservado'),
	(1400069286, '2018-2-26', 19, 1, 'Danificado'),
	(0812981605, '2019-1-22', 15, 1, 'Preservado'),
	(0345472328, '2019-5-21', 12, 1, 'Preservado');

--Populando matricula
INSERT INTO matricula(cod_matricula, cod_tipo_matricula, cod_instituicao, nome_matricula, dt_matricula, sexo, dt_nscm, email_matricula, endereco_matricula, CPF, dt_termino)
	VALUES
	(40101, 1, 1, 'Maria da Silva', '2022-02-10', 'F', '2005-05-15', 'maria.silva@example.com', 'Rua da Universidade, 123 - Vila Cursinho - São Paulo/SP', 12345678909, '2025-11-30'),
	(40111, 1, 1, 'João Oliveira', '2021-07-20', 'M', '1997-12-03', 'joao.oliveira@studentmail.com', 'Avenida dos Estudantes, 45 - Campos Concurso - São Paulo/SP - São Paulo/SP', 98765432102, '2024-06-30'),
	(40102, 1, 2, 'Ana Santos', '2022-01-05', 'F', '1999-08-22', 'ana.santos@universitymail.com', 'Travessa do Ensino, 07 - Vila Saber - São Paulo/SP', 32165498740, '2024-12-30'),
	(40121, 1, 1, 'Pedro Pereira', '2021-03-12', 'M', '1998-02-10', 'pedro.pereira@example.com', 'Rua dos Estudantes, 56 - Campo Novo - São Paulo/SP', 13246579887, '2023-11-30'),
	(40103, 1, 3, 'Sofia Rodrigues', '2022-08-30', 'F', '1997-11-05', 'sofia.rodrigues@studentmail.com', 'Alameda da Escola, 89 - Bairro do Intercâmbio - São Paulo/SP', 31264597819, '2025-07-30'),
	(40113, 1, 3, 'Lucas Fernandes', '2021-05-05', 'M', '1996-09-30', 'lucas.fernandes@universitymail.com', 'Praça do Conhecimento, 12 - Campo da Concórdia - São Paulo/SP', 96385274101, '2024-05-30'),
	(40112, 1, 2, 'Carlos Lima', '2021-12-18', 'M', '1999-03-18', 'carlos.lima@example.com', 'Rua dos Alunos, 67 - Avenida dos Professores - São Paulo/SP', 74185296321, '2024-10-30'),
	(40122, 1, 2, 'Beatriz Costa', '2021-06-02', 'F', '1997-07-12', 'beatriz.costa@studentmail.com', 'Alameda das Lições, 21 - Bairro do Livro - São Paulo/SP', 85296314742, '2024-04-30'),
	(40123, 1, 3, 'Rafaela Vieira', '2022-02-15', 'F', '1998-01-25', 'rafaela.vieira@universitymail.com', 'Avenida da Educação, 34 - Praça do Bom Progresso - São Paulo/SP', 15923647813, '2025-09-30'),
	(40131, 1, 1, 'Felipe Santos', '2021-10-25', 'M', '1996-10-09', 'felipe.santos@example.com', 'Travessa dos Estudantes, 03 - Campo do Sucesso - São Paulo/SP', 87495163285, '2024-08-30'),
	(40104, 1, 4, 'Luana Almeida', '2022-03-01', 'F', '2005-05-22', 'luana.almeida@example.com', 'Rua do Colégio, 123 - Vila da Apostila - São Paulo/SP', 14523697825, '2025-11-30'),
	(40105, 1, 5, 'Gustavo Martins', '2021-08-15', 'M', '2024-12-03', 'gustavo.martins@studentmail.com', 'Avenida dos Estudantes, 45 - Vila do Aprendizado - São Bernardo do Campo/SP', 15395748629, '2024-06-30'),
	(40115, 1, 5, 'Júlia Ferreira', '2022-02-05', 'F', '2006-08-22', 'julia.ferreira@universitymail.com', 'Rua da Educação, 75 - Nova História - São Bernardo do Campo/SP', 84286273964, '2024-12-30'),
	(40114, 1, 4, 'Eduardo Lima', '2021-04-12', 'M', '2005-02-10', 'eduardo.lima@example.com', 'Alameda do Ensino, 994 - Largo da Moral - São Paulo/SP', 30124180907, '2023-11-30'),
	(40124, 1, 4, 'Mariana Costa', '2022-09-20', 'F', '2004-11-05', 'mariana.costa@studentmail.com', 'Ladeira da Escola, 452 - Vila Esperança - São Paulo/SP', 90584420132, '2025-07-30'),
	(40134, 1, 4, 'Gabriel Oliveira', '2021-06-03', 'M', '2003-09-30', 'gabriel.oliveira@universitymail.com', 'Rua da Lição, 847 - Vila da Biblioteca - São Paulo/SP', 99039389793, '2024-05-30'),
	(40125, 1, 5, 'Isabela Teixeira', '2022-01-12', 'F', '2006-04-07', 'isabela.teixeira@example.com', 'Travessa do Curso, 951 - Campo da Razão - São Bernardo do Campo/SP', 45065443252, '2024-10-30'),
	(40135, 1, 5, 'Rafael Silva', '2021-07-22', 'M', '2004-07-12', 'rafael.silva@studentmail.com', 'Rua da Matéria, 865 - Campo da Faculdade - São Bernardo do Campo/SP', 35065420174, '2024-04-30'),
	(40141, 1, 2, 'Fernanda Santos', '2022-04-15', 'F', '1999-06-25', 'fernanda.santos@example.com', 'Rua das Aulas, 87 - Vila do Saber - São Paulo/SP', 98765432109, '2024-12-30'),
	(40151, 1, 3, 'Rodrigo Fernandes', '2021-11-10', 'M', '1997-09-14', 'rodrigo.fernandes@studentmail.com', 'Avenida da Ciência, 56 - Bairro do Conhecimento - São Paulo/SP', 12345678912, '2024-05-30'),
	(40142, 1, 4, 'Camila Lima', '2022-07-02', 'F', '1998-03-18', 'camila.lima@example.com', 'Rua dos Livros, 67 - Praça dos Professores - São Paulo/SP', 74185296327, '2024-10-30'),
	(40152, 1, 5, 'Felipe Costa', '2021-09-22', 'M', '1996-08-10', 'felipe.costa@example.com', 'Travessa das Lições, 32 - Avenida dos Estudantes - São Bernardo do Campo/SP', 85296314755, '2024-04-30'),
	(40143, 1, 2, 'Carolina Oliveira', '2022-05-30', 'F', '1997-11-05', 'carolina.oliveira@studentmail.com', 'Alameda do Saber, 89 - Bairro do Estudo - São Paulo/SP', 31264597821, '2025-07-30'),
	(40153, 1, 3, 'Miguel Rodrigues', '2021-08-10', 'M', '1996-02-25', 'miguel.rodrigues@universitymail.com', 'Rua da Aprendizagem, 54 - Campo do Saber - São Paulo/SP', 15923647817, '2024-09-30'),
	(40144, 1, 4, 'Evelyn Almeida', '2022-02-18', 'F', '2005-05-22', 'evelyn.almeida@example.com', 'Alameda das Apostilas, 123 - Vila da Leitura - São Paulo/SP', 14523697829, '2025-11-30'),
	(40154, 1, 5, 'Rafael Martins', '2021-06-15', 'M', '2004-12-03', 'rafael.martins@studentmail.com', 'Avenida dos Conhecimentos, 45 - Vila do Aprendizado - São Bernardo do Campo/SP', 15395748632, '2024-06-30'),
	(40145, 1, 2, 'Amanda Ferreira', '2022-01-10', 'F', '2006-08-22', 'amanda.ferreira@universitymail.com', 'Rua da Sabedoria, 75 - Nova Leitura - São Paulo/SP', 84286273968, '2024-12-30'),
	(40155, 1, 3, 'Lucas Lima', '2021-04-25', 'M', '2005-02-10', 'lucas.lima@example.com', 'Alameda do Conhecimento, 994 - Largo do Progresso - São Paulo/SP', 30124180912, '2023-11-30'),
	(40146, 1, 4, 'Juliana Costa', '2022-10-20', 'F', '2004-11-05', 'juliana.costa@studentmail.com', 'Ladeira do Estudo, 452 - Vila Esperança - São Paulo/SP', 90584420135, '2025-07-30'),
	(40156, 1, 4, 'Renan Oliveira', '2021-07-03', 'M', '2003-09-30', 'renan.oliveira@universitymail.com', 'Rua da Sabedoria, 847 - Vila da Leitura - São Paulo/SP', 99039389799, '2024-05-30'),
	(40147, 1, 5, 'Bianca Teixeira', '2022-03-12', 'F', '2006-04-07', 'bianca.teixeira@example.com', 'Travessa das Lições, 951 - Campo do Aprendizado - São Bernardo do Campo/SP', 45065443259, '2024-10-30'),
	(40157, 1, 5, 'Gustavo Silva', '2021-09-30', 'M', '2004-07-12', 'gustavo.silva@studentmail.com', 'Rua do Progresso, 865 - Vila da Educação - São Bernardo do Campo/SP', 35065420179, '2024-04-30'),
	(40148, 1, 2, 'Isadora Santos', '2022-02-25', 'F', '1998-01-25', 'isadora.santos@universitymail.com', 'Avenida da Sabedoria, 34 - Praça do Conhecimento - São Paulo/SP', 15923647821, '2025-09-30'),
	(40158, 1, 2, 'Henrique Pereira', '2021-06-18', 'M', '1999-03-18', 'henrique.pereira@example.com', 'Rua dos Alunos, 67 - Avenida dos Professores - São Paulo/SP', 74185296330, '2024-10-30'),
	(40149, 1, 3, 'Larissa Vieira', '2022-03-05', 'F', '1998-01-25', 'larissa.vieira@universitymail.com', 'Alameda da Educação, 34 - Praça do Bom Progresso - São Paulo/SP', 15923647823, '2025-09-30');

--populando matricula
INSERT INTO matricula(cod_matricula, cod_tipo_matricula, cod_instituicao, nome_matricula, dt_matricula, sexo, dt_nscm, email_matricula, endereco_matricula, CPF, dt_termino) 
	VALUES 
	(40313 , 2 , 2 , 'Eliana Ferreira' , '08/02/2015' , 'F' , '02/12/1979' , 'eliana.ferreira@email.com' , 'Alameda dos Estudantes, 1, Bela Vista - Sao Paulo, SP' , 45678901234 , NULL), 
	(40314 , 2 , 2 , 'Felipe Oliveira' , '08/02/2015' , 'M' , '17/08/1984' , 'felipe.oliveira@email.com' , 'Rua da Tecnologia, 567, Jardim do Conhecimento  - Sao Paulo, SP' , 56789012345 , NULL),  
	(40315 , 2 , 2 , 'Isabel Fernandes' , '08/02/2015' , 'F' , '19/03/1991' , 'isabel.fernandes@email.com' , 'Rua dos Laboratorios, 987, Cidade Nova - Sao Paulo, SP' , 67890123456 , NULL), 
	(40316 , 2 , 2 , 'Rodrigo Silva' , '08/02/2015' , 'M' , '01/07/1986' , 'rodrigo.silva@email.com' , 'Praca do Conhecimento, 543, Centro - Sao Paulo, SP' , 78901234567 , NULL), 
	(40317 , 3 , 2 , 'Clara Santos' , '08/02/2015' , 'F' , '06/05/1982' , 'clara.santos@email.com' , 'Avenida da Ciencia, 654, Parque Tecnologico - Sao Paulo, SP' , 89012345678 , NULL), 
	(40318 , 3 , 2 , 'Andre Ferreira' , '08/02/2015' , 'M' , '26/10/1974' , 'andre.ferreira@email.com' , 'Rua dos Alunos, 7890, Bairro dos Estudantes - Sao Paulo, SP' , 90123456789 , NULL), 
	(40319 , 3 , 3 , 'Patricia Oliveira' , '08/02/2015' , 'F' , '19/01/1992' , 'patricia.oliveira@email.com' , 'Rua das Inovacoes, 123, Vila Progresso - Sao Bernardo do Campo, SP' , 01234567890 , NULL), 
	(40320 , 3 , 3 , 'Guilherme Alves' , '09/12/2006' , 'M' , '13/11/1977' , 'guilherme.alves@email.com' , 'Avenida da Eletronica, 456, Jardim Eletrico - Sao Bernardo do Campo, SP' , 12345678901 , NULL), 
	(40321 , 3 , 3 , 'Juliana Cardoso' , '09/12/2006' , 'F' , '08/06/1989' , 'juliana.cardoso@email.com' , 'Rua dos Laboratorios, 987, Cidade Nova - Sao Paulo, SP' , 23456789012 , NULL), 
	(40322 , 3 , 4 , 'Marco Santos' , '09/12/2006' , 'M' , '17/12/1981' , 'marco.santos@email.com' , 'Praca do Conhecimento, 543, Centro - Sao Caetano, SP' , 345678.90123 , NULL),  
	(40323 , 3 , 4 , 'Vanessa Carvalho' , '09/12/2006' , 'F' , '22/02/1985' , 'vanessa.carvalho@email.com' , 'Alameda da Tecnologia, 567, Novo Horizonte - Diadema, SP' , 45678901234 , NULL), 
	(40324 , 4 , 4 , 'Gustavo Fernandes' , '09/12/2006' , 'M' , '05/07/1973' , 'gustavo.fernandes@email.com' , 'Rua dos Alunos, 7890, Bairro dos Estudantes - Sao Paulo, SP' , 56789012345 , NULL),
	(40325 , 4 , 4 , 'Mariana Oliveira' , '09/12/2006' , 'F' , '20/05/1994' , 'mariana.oliveira@email.com' , 'Rua das Inovacoes, 123, Vila Progresso - Sao Bernardo do Campo, SP' , 67890123456 , NULL), 
	(40326 , 2 , 4 , 'Andre Rodrigues' , '09/12/2006' , 'M' , '15/11/1980' , 'andre.rodrigues@email.com' , 'Avenida da Eletronica, 456, Jardim Eletrico - Sao Bernardo do Campo, SP' , 78901234567 , NULL), 
	(40327 , 2 , 5 , 'Beatriz Carvalho' , '01/03/2022' , 'F' , '18/03/1978' , 'beatriz.carvalho@email.com' , 'Rua dos Laboratorios, 987, Cidade Nova - Sao Paulo, SP' , 89012345678 , NULL), 
	(40328 , 2 , 5 , 'Paulo Ferreira' , '01/03/2022' , 'M' , '29/09/1987' , 'paulo.ferreira@email.com' , 'Praca do Conhecimento, 543, Centro - Sao Bernardo do Campo, SP' , 90123456789 , NULL), 
	(40329 , 2 , 5 , 'Renata Santos' , '01/03/2022' , 'F' , '25/12/1983' , 'renata.santos@email.com' , 'Avenida da Ciencia, 654, Parque Tecnologico - Sao Bernardo do Campo, SP' , 01234567890 , NULL);

--Populando Autoria
INSERT INTO autoria (cod_autor, ISBN)
	VALUES
	(1, 0132350884),
	(1, 0137081073),
	(2, 0201616224),
	(3, 0201616224),
	(2, 0201734843),
	(3, 0201734843),
	(4, 0062316110),
	(4, 0062464316),
	(5, 0743264730), 
	(5, 1501127620),
	(6, 1593276034),
	(6, 1593279912), 
	(7, 0201633610),
	(8, 0201633610),
	(9, 0201633610),
	(10, 1942788003),
	(11, 1942788003),
	(12, 1942788003),
	(14, 0062457714),
	(14, 0062885422),
	(15, 1491954386),
	(15, 1491904240),
	(16, 1400069286),
	(16, 0812981605),
	(17, 0307465351),
	(17, 0307463630),
	(18, 0345472328), 
	(18, 0345805852),
	(19, 0446677455),
	(19, 1612680170);

--Populando classificacao
INSERT INTO classificacao (ISBN, cod_tema)
	VALUES
	(0132350884, 2),
	(0132350884, 19),
	(0132350884, 22),
	(0137081073, 2),
	(0137081073, 19),
	(0137081073, 22),
	(0201616224, 2),
	(0201616224, 19),
	(0201616224, 22),
	(0201734843, 2),
	(0201734843, 19),
	(0201734843, 22),
	(0062316110, 12),
	(0062464316, 12),
	(0743264730, 12),
	(1501127620, 13),
	(1593276034, 15),
	(1593276034, 19),
	(1593276034, 20),
	(1593276034, 22),
	(1593279912, 15),
	(1593279912, 19),
	(1593279912, 20),
	(1593279912, 22),
	(0201633610, 9),
	(0201633610, 4),
	(0201633610, 19),
	(1942788003, 6),
	(1942788003, 7),
	(1942788003, 24),
	(0062457714, 7),
	(0062457714, 5),
	(0062457714, 17),
	(0062885422, 5),
	(0062885422, 7),
	(0062885422, 17),
	(0062885422, 21),
	(1491954386, 3),
	(1491954386, 10),
	(1491954386, 16),
	(1491954386, 23),
	(1491904240, 3),
	(1491904240, 10),
	(1491904240, 16),
	(1491904240, 23),
	(1400069286, 11),
	(1400069286, 7),
	(1400069286, 5),
	(0812981605, 5),
	(0812981605, 7),
	(0812981605, 11),
	(0812981605, 17),
	(0307465351, 11),
	(0307465351, 17),
	(0307463630, 11),
	(0307463630, 17),
	(0307463630, 7),
	(0345472328, 5),
	(0345472328, 21),
	(0345805852, 5),
	(0345805852, 7),
	(0345805852, 21),
	(0446677455, 8),
	(0446677455, 10),
	(0446677455, 11),
	(1612680170, 8),
	(1612680170, 10),
	(1612680170, 23);

-- Populando reserva
INSERT INTO reserva (cod_reserva, cod_matricula, cod_exemplar, dt_reserva, dt_prevista_emprestimo, dt_emprestimo, situacao_res)
VALUES
	(6608, 40131, 13, '2016-02-08 14:47:38', '2016-02-22', '2016-02-22', 'INATIVA'),
	(6609, 40101, 19, '2016-03-18 15:14:11', '2016-04-01', '2016-04-14', 'INATIVA'),
	(6610, 40105, 19, '2016-04-14 11:33:45', '2016-04-28', '2016-04-21', 'INATIVA'),
	(6613, 40155, 19, '2016-04-21 13:54:52', '2016-05-19', NULL, 'CANCELADA'),
	(6611, 40111, 19, '2016-04-21 15:09:04', '2016-05-05', '2016-05-10', 'INATIVA'),
	(6612, 40157, 11, '2016-04-21 18:48:45', '2016-05-05', '2016-04-27', 'INATIVA'),
	(6614, 40113, 11, '2016-04-27 11:15:25', '2016-05-11', '2016-05-06', 'INATIVA'),
	(6616, 40101, 19, '2016-05-06 12:30:32', '2016-06-02', NULL, 'CANCELADA'),
	(6615, 40149, 11, '2016-05-06 14:55:39', '2016-05-20', '2016-06-02', 'INATIVA'),
	(6617, 40158, 13, '2016-05-10 12:38:46', '2016-05-24', '2016-05-19', 'INATIVA'),
	(6618, 40104, 11, '2016-05-10 14:09:31', '2016-06-03', NULL, 'CANCELADA'),
	(6620, 40125, 13, '2016-05-26 12:38:28', '2016-06-23', '2016-06-04', 'INATIVA'),
	(6619, 40148, 13, '2016-05-26 15:02:31', '2016-05-21', '2016-06-17', 'INATIVA'),
	(6621, 40113, 13, '2016-06-02 08:01:18', '2016-07-15', '2016-06-26', 'INATIVA'),
	(6622, 40111, 13, '2016-06-02 09:33:21', '2016-08-05', '2016-07-03', 'INATIVA'),
	(6623, 40111, 11, '2016-06-08 09:45:27', '2016-06-22', '2016-06-11', 'INATIVA'),
	(6625, 40157, 19, '2016-06-08 12:36:44', '2016-06-22', '2016-06-16', 'INATIVA'),
	(6624, 40115, 12, '2016-06-08 16:17:27', '2016-06-22', '2016-06-24', 'INATIVA'),
	(6626, 40157, 11, '2016-06-13 08:02:17', '2016-06-27', '2016-08-16', 'INATIVA'),
	(6627, 40144, 13, '2016-06-13 11:33:31', '2016-07-17', '2016-08-16', 'INATIVA'),
	(6628, 40146, 12, '2016-06-13 13:22:41', '2016-07-06', NULL, 'CANCELADA'),
	(6630, 40101, 19, '2016-06-16 08:01:02', '2016-06-30', '2016-06-21', 'INATIVA'),
	(6632, 40145, 19, '2016-06-16 11:52:25', '2016-07-19', '2016-06-26', 'INATIVA'),
	(6631, 40121, 19, '2016-06-16 13:30:08', '2016-06-12', '2016-07-08', 'INATIVA'),
	(6633, 40153, 11, '2016-06-16 15:17:56', '2016-07-25', NULL, 'CANCELADA'),
	(6629, 40158, 11, '2016-06-16 18:25:46', '2016-07-11', NULL, 'CANCELADA'),
	(6634, 40141, 11, '2016-06-17 11:52:43', '2016-08-08', NULL, 'CANCELADA'),
	(6636, 40148, 12, '2016-06-17 12:04:20', '2016-08-03', NULL, 'CANCELADA'),
	(6635, 40105, 12, '2016-06-17 14:43:13', '2016-07-20', NULL, 'CANCELADA'),
	(6638, 40114, 11, '2016-06-24 15:03:08', '2016-09-05', NULL, 'CANCELADA'),
	(6639, 40125, 19, '2016-06-24 15:36:08', '2016-08-05', '2016-07-31', 'INATIVA'),
	(6637, 40143, 11, '2016-06-24 18:57:12', '2016-08-22', NULL, 'CANCELADA'),
	(6640, 40156, 11, '2016-08-23 08:22:34', '2016-09-06', '2016-08-25', 'INATIVA'),
	(6641, 40158, 12, '2016-08-23 10:38:52', '2016-09-06', '2016-09-09', 'INATIVA'),
	(6642, 40105, 13, '2016-08-23 16:22:07', '2016-09-06', NULL, 'CANCELADA'),
	(6643, 40134, 19, '2016-08-29 11:56:13', '2016-09-12', '2016-09-06', 'INATIVA'),
	(6644, 40131, 12, '2016-08-29 14:06:16', '2016-09-23', '2016-09-17', 'INATIVA'),
	(6645, 40155, 11, '2016-09-06 14:34:21', '2016-09-23', '2016-09-10', 'INATIVA'),
	(6646, 40157, 13, '2016-10-06 08:24:20', '2016-10-20', '2016-10-17', 'INATIVA'),
	(6647, 40102, 19, '2016-10-27 12:51:19', '2016-11-10', '2016-11-02', 'INATIVA'),
	(6650, 40121, 13, '2016-11-01 12:10:15', '2016-11-29', '2016-11-08', 'INATIVA'),
	(6648, 40154, 19, '2016-11-01 12:55:58', '2016-11-16', '2016-11-05', 'INATIVA'),
	(6649, 40102, 13, '2016-11-01 15:06:44', '2016-10-25', '2016-11-29', 'INATIVA'),
	(6652, 40151, 19, '2016-11-09 10:25:59', '2016-12-28', '2016-12-12', 'INATIVA'),
	(6651, 40145, 13, '2016-11-09 14:39:20', '2016-12-28', '2016-12-10', 'INATIVA'),
	(6653, 40103, 13, '2016-11-09 16:49:04', '2016-11-21', NULL, 'CANCELADA'),
	(6654, 40153, 19, '2016-11-14 12:09:43', '2016-11-21', '2016-12-29', 'INATIVA'),
	(6655, 40101, 11, '2016-11-14 12:54:30', '2016-11-28', '2016-11-23', 'INATIVA'),
	(6657, 40103, 19, '2016-11-16 08:53:04', '2017-01-03', '2017-01-09', 'INATIVA'),
	(6658, 40105, 11, '2016-11-16 11:41:30', '2016-11-21', '2016-11-28', 'INATIVA'),
	(6656, 40156, 13, '2016-11-16 12:06:39', '2017-01-03', NULL, 'CANCELADA'),
	(6659, 40114, 11, '2016-11-18 08:22:13', '2017-01-03', '2017-02-06', 'INATIVA'),
	(6660, 40141, 19, '2016-11-18 12:59:18', '2017-01-23', '2017-01-26', 'INATIVA'),
	(6661, 40145, 19, '2016-11-18 16:07:10', '2017-02-09', '2017-02-16', 'INATIVA'),
	(6662, 40101, 13, '2016-11-21 08:47:28', '2017-01-23', NULL, 'CANCELADA'),
	(6665, 40142, 13, '2016-11-21 09:59:15', '2017-03-04', NULL, 'CANCELADA'),
	(6664, 40144, 13, '2016-11-21 12:56:19', '2017-02-09', NULL, 'CANCELADA'),
	(6663, 40154, 19, '2016-11-21 17:39:19', '2017-03-04', NULL, 'CANCELADA'),
	(6666, 40103, 11, '2016-11-22 08:49:43', '2017-01-23', NULL, 'CANCELADA'),
	(6667, 40147, 11, '2016-11-22 10:17:39', '2017-02-09', NULL, 'CANCELADA'),
	(6668, 40157, 19, '2016-11-22 13:00:00', '2017-03-18', NULL, 'CANCELADA'),
	(6669, 40156, 19, '2016-11-29 14:11:03', '2017-04-01', NULL, 'CANCELADA'),
	(6670, 40101, 11, '2017-02-06 09:43:54', '2017-02-20', '2017-02-23', 'INATIVA'),
	(6671, 40114, 11, '2017-02-06 10:31:01', '2017-03-09', '2017-03-05', 'INATIVA'),
	(6674, 40154, 13, '2017-02-24 09:42:25', '2017-03-24', '2017-03-15', 'INATIVA'),
	(6673, 40144, 11, '2017-02-24 17:37:50', '2017-03-19', NULL, 'CANCELADA'),
	(6672, 40142, 13, '2017-02-24 18:57:22', '2017-03-01', '2017-04-08', 'INATIVA'),
	(6676, 40147, 11, '2017-03-06 09:20:51', '2017-04-16', NULL, 'CANCELADA'),
	(6675, 40147, 11, '2017-03-06 10:42:07', '2017-04-02', NULL, 'CANCELADA'),
	(6677, 40144, 12, '2017-03-07 08:49:56', '2017-03-21', '2017-04-17', 'INATIVA'),
	(6678, 40143, 11, '2017-03-07 11:05:22', '2017-04-30', NULL, 'CANCELADA'),
	(6679, 40143, 19, '2017-03-07 16:41:48', '2017-03-21', '2017-03-30', 'INATIVA'),
	(6681, 40158, 19, '2017-03-08 08:44:52', '2017-04-07', NULL, 'CANCELADA'),
	(6684, 40122, 12, '2017-03-08 09:40:35', '2017-05-15', '2017-04-21', 'INATIVA'),
	(6683, 40125, 13, '2017-03-08 10:19:20', '2017-05-06', '2017-04-26', 'INATIVA'),
	(6680, 40113, 25, '2017-03-08 15:05:53', '2017-03-22', '2017-04-26', 'INATIVA'),
	(6682, 40121, 12, '2017-03-08 15:27:31', '2017-04-07', '2017-05-18', 'INATIVA'),
	(6687, 40153, 11, '2017-03-10 10:02:49', '2017-05-28', NULL, 'CANCELADA'),
	(6686, 40158, 11, '2017-03-10 11:51:38', '2017-05-14', NULL, 'CANCELADA'),
	(6688, 40131, 25, '2017-03-10 16:45:31', '2017-05-10', '2017-05-17', 'INATIVA'),
	(6689, 40134, 25, '2017-03-10 17:57:10', '2017-04-19', NULL, 'CANCELADA'),
	(6685, 40124, 13, '2017-03-10 18:34:13', '2017-05-10', '2017-05-18', 'INATIVA'),
	(6690, 40153, 11, '2017-03-17 10:34:18', '2017-03-31', '2017-04-17', 'INATIVA'),
	(6692, 40112, 13, '2017-03-17 13:51:23', '2017-05-31', NULL, 'CANCELADA'),
	(6691, 40148, 11, '2017-03-17 15:28:30', '2017-04-14', NULL, 'CANCELADA'),
	(6693, 40141, 13, '2017-04-04 12:01:29', '2017-06-17', NULL, 'CANCELADA'),
	(6694, 40151, 13, '2017-04-04 17:38:19', '2017-06-07', NULL, 'CANCELADA'),
	(6695, 40141, 25, '2017-04-26 14:28:03', '2017-05-31', '2017-06-01', 'INATIVA'),
	(6696, 40131, 12, '2017-05-03 10:43:12', '2017-05-17', NULL, 'CANCELADA'),
	(6697, 40152, 25, '2017-05-03 12:26:16', '2017-06-17', '2017-06-10', 'INATIVA'),
	(6700, 40122, 25, '2017-05-16 10:36:18', '2017-07-06', '2017-06-21', 'INATIVA'),
	(6698, 40158, 25, '2017-05-16 11:21:41', '2017-06-07', '2017-06-27', 'INATIVA'),
	(6699, 40124, 13, '2017-05-16 17:54:18', '2017-07-06', NULL, 'CANCELADA'),
	(6701, 40103, 11, '2017-05-18 14:30:09', '2017-06-01', '2017-06-03', 'INATIVA'),
	(6702, 40123, 25, '2017-05-24 15:58:09', '2017-09-30', NULL, 'CANCELADA'),
	(6704, 40149, 19, '2017-05-31 12:51:48', '2017-06-17', '2017-06-16', 'INATIVA'),
	(6703, 40154, 11, '2017-05-31 18:18:30', '2017-06-17', '2017-06-17', 'INATIVA'),
	(6706, 40115, 13, '2017-06-01 10:10:32', '2017-06-07', NULL, 'CANCELADA'),
	(6705, 40122, 13, '2017-06-01 16:44:24', '2017-06-17', NULL, 'CANCELADA'),
	(6708, 40143, 45, '2017-06-05 12:19:37', '2017-06-19', '2017-06-18', 'INATIVA'),
	(6707, 40147, 25, '2017-06-05 15:33:36', '2017-07-30', NULL, 'CANCELADA'),
	(6709, 40102, 12, '2017-06-06 08:17:14', '2017-06-20', '2017-06-22', 'INATIVA'),
	(6710, 40124, 19, '2017-06-06 13:29:33', '2017-07-01', NULL, 'CANCELADA'),
	(6711, 40144, 13, '2017-06-06 18:24:27', '2017-07-06', NULL, 'CANCELADA'),
	(6713, 40131, 12, '2017-06-07 09:06:19', '2017-07-06', '2017-08-01', 'INATIVA'),
	(6712, 40104, 19, '2017-06-07 15:39:44', '2017-07-11', NULL, 'CANCELADA'),
	(6714, 40155, 11, '2017-06-16 10:07:59', '2017-07-01', '2017-06-27', 'INATIVA'),
	(6715, 40157, 11, '2017-06-16 14:42:20', '2017-07-11', '2017-07-10', 'INATIVA'),
	(6716, 40156, 12, '2017-06-22 12:40:10', '2017-07-20', NULL, 'CANCELADA'),
	(6718, 40122, 19, '2017-06-23 09:38:10', '2017-07-07', '2017-07-03', 'INATIVA'),
	(6717, 40141, 11, '2017-06-23 10:42:51', '2017-09-30', '2017-07-16', 'INATIVA'),
	(6719, 40131, 11, '2017-06-27 12:39:51', '2017-07-30', '2017-07-26', 'INATIVA'),
	(6720, 40123, 13, '2017-06-27 14:32:28', '2017-07-11', '2017-06-30', 'INATIVA'),
	(6721, 40111, 25, '2017-06-27 17:02:58', '2017-09-18', NULL, 'CANCELADA'),
	(6723, 40103, 12, '2017-06-30 13:09:26', '2017-08-17', NULL, 'CANCELADA'),
	(6724, 40142, 25, '2017-06-30 14:16:44', '2017-09-03', NULL, 'CANCELADA'),
	(6722, 40157, 12, '2017-06-30 16:05:31', '2017-08-03', NULL, 'CANCELADA'),
	(6726, 40154, 12, '2017-08-01 08:42:03', '2017-05-16', '2017-08-02', 'INATIVA'),
	(6725, 40141, 11, '2017-08-01 16:38:56', '2017-05-16', '2017-08-05', 'INATIVA'),
	(6727, 40112, 12, '2017-08-04 14:47:32', '2017-08-18', '2017-08-18', 'INATIVA'),
	(6728, 40154, 11, '2017-08-08 12:54:35', '2017-09-18', '2017-08-20', 'INATIVA'),
	(6730, 40104, 25, '2017-08-09 08:12:12', '2017-08-23', '2017-08-31', 'INATIVA'),
	(6729, 40135, 11, '2017-08-09 10:10:58', '2017-09-03', '2017-09-05', 'INATIVA'),
	(6731, 40146, 25, '2017-08-09 14:17:00', '2017-09-06', NULL, 'CANCELADA'),
	(6733, 40131, 48, '2017-08-10 14:01:31', '2017-08-24', '2017-08-13', 'INATIVA'),
	(6732, 40141, 36, '2017-08-10 14:34:10', '2017-08-24', '2017-08-16', 'INATIVA'),
	(6737, 40124, 36, '2017-08-16 14:25:51', '2017-09-13', '2017-09-02', 'INATIVA'),
	(6734, 40115, 12, '2017-08-16 14:34:52', '2017-09-01', '2017-08-20', 'INATIVA'),
	(6736, 40111, 13, '2017-08-16 15:16:27', '2017-08-19', '2017-08-25', 'INATIVA'),
	(6735, 40124, 36, '2017-08-16 16:00:47', '2017-08-19', '2017-09-08', 'INATIVA'),
	(6739, 40157, 36, '2017-08-23 11:18:09', '2017-10-06', '2017-09-13', 'INATIVA'),
	(6738, 40135, 11, '2017-08-23 11:41:24', '2017-09-17', NULL, 'CANCELADA'),
	(6740, 40144, 13, '2017-08-31 08:14:28', '2017-09-14', '2017-09-05', 'INATIVA'),
	(6741, 40143, 13, '2017-08-31 08:36:57', '2017-09-19', '2017-09-09', 'INATIVA'),
	(6743, 40146, 37, '2017-09-05 15:57:52', '2017-09-19', '2017-09-13', 'INATIVA'),
	(6742, 40113, 48, '2017-09-05 16:46:12', '2017-09-19', '2017-09-09', 'INATIVA'),
	(6746, 40112, 19, '2017-09-06 08:35:48', '2017-09-20', '2017-09-11', 'INATIVA'),
	(6744, 40143, 13, '2017-09-06 10:21:03', '2017-09-13', '2017-09-18', 'INATIVA'),
	(6745, 40147, 12, '2017-09-06 15:42:38', '2017-09-20', '2017-09-26', 'INATIVA'),
	(6747, 40121, 13, '2017-09-07 14:53:22', '2018-03-07', '2017-10-06', 'INATIVA'),
	(6748, 40121, 48, '2017-09-07 15:45:58', '2017-09-13', '2017-10-10', 'INATIVA'),
	(6749, 40147, 36, '2017-09-07 16:23:13', '2017-09-27', '2017-09-27', 'INATIVA'),
	(6750, 40143, 25, '2017-09-07 18:08:11', '2017-09-21', '2017-09-11', 'INATIVA'),
	(6753, 40101, 12, '2017-09-08 09:37:08', '2017-10-24', '2017-10-13', 'INATIVA'),
	(6751, 40114, 12, '2017-09-08 15:32:42', '2017-09-29', '2017-10-25', 'INATIVA'),
	(6752, 40114, 13, '2017-09-08 17:07:04', '2017-10-22', NULL, 'CANCELADA'),
	(6754, 40155, 37, '2017-09-11 08:32:38', '2017-09-27', '2017-09-23', 'INATIVA'),
	(6755, 40156, 19, '2017-09-11 15:11:29', '2017-09-25', '2017-10-19', 'INATIVA'),
	(6756, 40154, 36, '2017-09-11 18:14:31', '2017-09-28', '2017-09-29', 'INATIVA'),
	(6758, 40144, 19, '2017-09-13 10:14:31', '2017-11-16', '2017-11-04', 'INATIVA'),
	(6757, 40157, 19, '2017-09-13 12:29:32', '2017-10-21', '2017-11-11', 'INATIVA'),
	(6760, 40135, 11, '2017-09-14 08:34:44', '2017-09-18', '2017-09-23', 'INATIVA'),
	(6763, 40121, 25, '2017-09-14 08:51:38', '2017-10-22', '2017-09-19', 'INATIVA'),
	(6759, 40134, 48, '2017-09-14 10:24:11', '2017-09-18', '2017-10-25', 'INATIVA'),
	(6761, 40151, 25, '2017-09-14 10:32:09', '2017-09-18', '2017-09-24', 'INATIVA'),
	(6762, 40143, 25, '2017-09-14 13:12:16', '2018-03-07', '2017-10-11', 'INATIVA'),
	(6764, 40143, 12, '2017-09-15 14:33:43', '2018-03-07', '2017-11-03', 'INATIVA'),
	(6765, 40147, 48, '2017-09-15 15:32:22', '2018-03-07', '2017-11-06', 'INATIVA'),
	(6768, 40111, 25, '2017-09-18 08:14:15', '2017-10-12', '2017-10-13', 'INATIVA'),
	(6767, 40142, 37, '2017-09-18 12:50:05', '2017-10-21', '2017-10-12', 'INATIVA'),
	(6769, 40153, 19, '2017-09-18 15:47:01', '2017-12-09', '2017-11-25', 'INATIVA'),
	(6766, 40123, 37, '2017-09-18 17:25:34', '2017-09-28', '2017-10-19', 'INATIVA'),
	(6770, 40115, 12, '2017-09-26 16:15:22', '2017-09-20', '2017-11-27', 'INATIVA'),
	(6771, 40153, 12, '2017-09-26 17:32:59', '2017-09-30', '2017-12-13', 'INATIVA'),
	(6772, 40144, 11, '2017-09-28 13:10:42', '2017-10-12', '2017-10-08', 'INATIVA'),
	(6773, 40142, 36, '2017-10-06 08:46:07', '2017-10-20', '2017-10-14', 'INATIVA'),
	(6774, 40157, 11, '2017-10-06 09:12:58', '2017-10-22', '2017-10-22', 'INATIVA'),
	(6776, 40148, 25, '2017-10-09 08:00:10', '2017-09-20', '2017-11-06', 'INATIVA'),
	(6778, 40115, 13, '2017-10-09 09:33:13', '2017-11-16', NULL, 'CANCELADA'),
	(6775, 40122, 25, '2017-10-09 13:03:52', '2018-03-07', '2017-11-08', 'INATIVA'),
	(6777, 40112, 19, '2017-10-09 14:00:56', '2017-12-09', '2017-12-09', 'INATIVA'),
	(6781, 40149, 19, '2017-10-10 08:25:22', '2017-12-23', '2017-12-19', 'INATIVA'),
	(6779, 40146, 25, '2017-10-10 10:28:21', '2017-09-30', '2017-12-03', 'INATIVA'),
	(6780, 40114, 11, '2017-10-10 13:53:06', '2017-10-12', '2017-11-03', 'INATIVA'),
	(6782, 40124, 45, '2017-10-11 08:23:20', '2017-10-25', '2017-10-26', 'INATIVA'),
	(6785, 40131, 37, '2017-10-11 11:22:37', '2018-03-07', '2017-11-03', 'INATIVA'),
	(6784, 40125, 48, '2017-10-11 12:30:48', '2017-08-26', '2017-11-25', 'INATIVA'),
	(6783, 40104, 45, '2017-10-11 13:30:36', '2017-11-09', '2017-11-15', 'INATIVA'),
	(6786, 40145, 36, '2017-10-12 11:53:27', '2017-10-28', '2017-10-29', 'INATIVA'),
	(6787, 40101, 19, '2017-10-12 17:24:36', '2018-01-02', '2017-12-26', 'INATIVA'),
	(6788, 40158, 25, '2017-10-12 18:59:36', '2018-03-01', '2017-12-19', 'INATIVA'),
	(6789, 40148, 45, '2017-10-16 10:15:40', '2017-11-23', NULL, 'CANCELADA'),
	(6791, 40114, 11, '2017-10-16 10:26:52', '2017-11-27', NULL, 'CANCELADA'),
	(6790, 40135, 19, '2017-10-16 11:33:03', '2018-03-29', '2018-02-23', 'INATIVA'),
	(6792, 40142, 36, '2017-10-16 13:25:38', '2017-11-12', '2017-12-21', 'INATIVA'),
	(6795, 40157, 13, '2017-10-17 08:47:54', '2017-12-09', NULL, 'CANCELADA'),
	(6794, 40155, 13, '2017-10-17 15:20:12', '2017-12-09', NULL, 'CANCELADA'),
	(6793, 40142, 12, '2017-10-17 17:05:14', '2018-03-01', '2017-12-29', 'INATIVA'),
	(6796, 40121, 36, '2017-10-17 17:43:03', '2018-01-04', '2018-02-12', 'INATIVA'),
	(6798, 40123, 11, '2017-10-19 11:42:12', '2017-11-30', NULL, 'CANCELADA'),
	(6797, 40103, 12, '2017-10-19 13:48:57', '2017-10-12', '2018-01-12', 'INATIVA'),
	(6801, 40112, 36, '2017-10-20 09:28:18', '2018-01-14', NULL, 'CANCELADA'),
	(6800, 40131, 12, '2017-10-20 15:50:49', '2018-09-24', '2018-01-15', 'INATIVA'),
	(6799, 40131, 13, '2017-10-20 16:56:20', '2017-12-23', NULL, 'CANCELADA'),
	(6802, 40158, 25, '2017-10-25 10:13:40', '2017-05-16', '2017-12-21', 'INATIVA'),
	(6804, 40112, 25, '2017-10-25 15:04:55', '2018-01-04', '2017-12-31', 'INATIVA'),
	(6803, 40156, 12, '2017-10-25 18:56:29', '2017-11-29', NULL, 'CANCELADA'),
	(6806, 40123, 37, '2017-11-08 15:38:42', '2017-05-16', NULL, 'CANCELADA'),
	(6805, 40158, 11, '2017-11-08 15:53:14', '2018-01-23', NULL, 'CANCELADA'),
	(6809, 40112, 48, '2017-11-10 10:14:06', '2018-03-09', '2017-12-14', 'INATIVA'),
	(6808, 40135, 48, '2017-11-10 15:59:46', '2017-11-30', '2017-12-23', 'INATIVA'),
	(6810, 40149, 48, '2017-11-10 17:18:36', '2017-10-12', '2018-01-04', 'INATIVA'),
	(6807, 40147, 11, '2017-11-10 18:25:51', '2017-10-12', NULL, 'CANCELADA'),
	(6811, 40101, 13, '2017-11-13 10:51:02', '2017-11-27', '2017-11-16', 'INATIVA'),
	(6814, 40157, 11, '2017-11-13 13:15:57', '2018-09-24', NULL, 'CANCELADA'),
	(6812, 40146, 13, '2017-11-13 14:06:38', '2017-11-30', '2017-12-11', 'INATIVA'),
	(6813, 40157, 13, '2017-11-13 14:37:12', '2018-01-23', '2017-12-25', 'INATIVA'),
	(6816, 40141, 11, '2017-11-15 08:12:24', '2017-05-16', NULL, 'CANCELADA'),
	(6815, 40158, 19, '2017-11-15 18:22:19', '2018-01-23', NULL, 'CANCELADA'),
	(6818, 40146, 45, '2017-11-16 11:14:29', '2017-11-30', '2017-11-29', 'INATIVA'),
	(6817, 40123, 48, '2017-11-16 11:48:27', '2018-09-24', '2018-01-15', 'INATIVA'),
	(6819, 40124, 36, '2017-11-16 15:54:25', '2018-01-23', NULL, 'CANCELADA'),
	(6822, 40135, 45, '2017-11-20 09:28:09', '2018-01-23', '2017-12-05', 'INATIVA'),
	(6821, 40152, 36, '2017-11-20 10:55:08', '2018-02-15', NULL, 'CANCELADA'),
	(6820, 40145, 48, '2017-11-20 17:30:33', '2017-05-16', '2018-02-01', 'INATIVA'),
	(6824, 40122, 19, '2017-11-22 12:10:22', '2018-02-06', NULL, 'CANCELADA'),
	(6826, 40146, 36, '2017-11-22 13:20:17', '2018-03-29', NULL, 'CANCELADA'),
	(6825, 40104, 36, '2017-11-22 15:29:40', '2018-04-04', NULL, 'CANCELADA'),
	(6823, 40152, 36, '2017-11-22 16:34:02', '2018-03-01', NULL, 'CANCELADA'),
	(6828, 40131, 36, '2017-11-23 16:23:43', '2018-03-31', NULL, 'CANCELADA'),
	(6827, 40152, 18, '2017-11-23 16:47:15', '2017-05-16', '2017-12-03', 'INATIVA'),
	(6829, 40142, 13, '2017-11-23 16:47:21', '2017-10-12', '2018-01-16', 'INATIVA'),
	(6830, 40112, 18, '2017-11-27 09:58:09', '2018-03-01', '2017-12-14', 'INATIVA'),
	(6831, 40145, 13, '2017-11-27 11:53:33', '2018-09-24', '2018-01-19', 'INATIVA'),
	(6832, 40141, 45, '2017-11-29 08:44:24', '2017-12-19', '2017-12-14', 'INATIVA'),
	(6833, 40134, 45, '2017-11-29 18:13:08', '2017-10-12', '2017-12-20', 'INATIVA'),
	(6838, 40131, 18, '2017-11-30 09:18:11', '2017-10-15', '2018-01-08', 'INATIVA'),
	(6835, 40112, 25, '2017-11-30 10:24:09', '2018-01-14', '2018-01-09', 'INATIVA'),
	(6834, 40156, 12, '2017-11-30 14:03:57', '2017-05-16', '2018-02-01', 'INATIVA'),
	(6839, 40123, 13, '2017-11-30 14:46:51', '2017-05-16', '2018-02-07', 'INATIVA'),
	(6836, 40146, 36, '2017-11-30 15:40:41', '2018-04-26', NULL, 'CANCELADA'),
	(6837, 40146, 25, '2017-11-30 16:29:38', '2018-01-23', '2018-01-28', 'INATIVA'),
	(6840, 40147, 18, '2018-02-13 13:13:02', '2018-02-27', '2018-02-28', 'INATIVA'),
	(6841, 40135, 45, '2018-02-15 14:45:49', '2018-03-01', '2018-03-14', 'INATIVA'),
	(6842, 40113, 45, '2018-02-22 08:51:40', '2018-04-04', '2018-03-20', 'INATIVA'),
	(6843, 40156, 18, '2018-02-22 17:50:21', '2018-03-14', '2018-03-21', 'INATIVA'),
	(6844, 40158, 36, '2018-02-23 09:56:29', '2018-03-09', '2018-03-15', 'INATIVA'),
	(6845, 40152, 36, '2018-02-23 10:24:32', '2018-03-18', NULL, 'CANCELADA'),
	(6846, 40104, 19, '2018-02-26 14:43:56', '2018-03-12', '2018-03-12', 'INATIVA'),
	(6847, 40147, 11, '2018-03-01 14:45:45', '2018-04-04', '2018-03-10', 'INATIVA'),
	(6850, 40113, 18, '2018-03-05 09:45:41', '2018-04-04', '2018-04-05', 'INATIVA'),
	(6851, 40143, 11, '2018-03-05 11:16:13', '2018-03-29', '2018-03-24', 'INATIVA'),
	(6848, 40148, 12, '2018-03-05 11:16:39', '2018-03-19', '2018-03-09', 'INATIVA'),
	(6849, 40143, 26, '2018-03-05 17:46:10', '2018-03-19', '2018-03-14', 'INATIVA'),
	(6852, 40146, 37, '2018-03-06 08:59:21', '2018-03-20', '2018-03-21', 'INATIVA'),
	(6853, 40158, 25, '2018-03-06 13:42:43', '2018-03-20', '2018-03-17', 'INATIVA'),
	(6857, 40154, 45, '2018-03-07 14:24:05', '2018-03-29', '2018-03-22', 'INATIVA'),
	(6854, 40112, 37, '2018-03-07 15:53:24', '2018-04-17', '2018-03-26', 'INATIVA'),
	(6856, 40123, 26, '2018-03-07 16:56:23', '2018-03-18', '2018-04-03', 'INATIVA'),
	(6855, 40105, 12, '2018-03-07 17:34:53', '2018-03-18', '2018-03-13', 'INATIVA'),
	(6858, 40156, 9, '2018-03-08 10:06:31', '2018-03-22', '2018-03-16', 'INATIVA'),
	(6859, 40155, 25, '2018-03-09 12:23:31', '2018-04-17', '2018-03-25', 'INATIVA'),
	(6860, 40148, 18, '2018-03-09 17:21:05', '2018-12-17', '2018-04-17', 'INATIVA'),
	(6861, 40153, 18, '2018-03-13 10:19:53', '2018-05-01', '2018-04-23', 'INATIVA'),
	(6863, 40111, 45, '2018-03-13 12:13:07', '2018-03-31', '2018-04-01', 'INATIVA'),
	(6862, 40144, 18, '2018-03-13 18:31:54', '2018-05-07', '2018-04-25', 'INATIVA'),
	(6864, 40101, 19, '2018-03-15 18:13:27', '2018-03-29', '2018-03-29', 'INATIVA'),
	(6865, 40153, 26, '2018-03-16 10:24:26', '2018-04-17', '2018-04-18', 'INATIVA'),
	(6866, 40154, 11, '2018-03-16 13:42:16', '2018-03-31', '2018-05-30', 'INATIVA'),
	(6868, 40114, 49, '2018-03-22 12:34:15', '2018-03-31', '2018-04-13', 'INATIVA'),
	(6867, 40144, 18, '2018-03-22 13:52:36', '2018-05-09', '2018-05-17', 'INATIVA'),
	(6869, 40152, 37, '2018-03-22 16:17:41', '2018-04-09', '2018-04-12', 'INATIVA'),
	(6873, 40135, 45, '2018-03-26 11:01:21', '2018-05-01', '2018-04-06', 'INATIVA'),
	(6871, 40147, 37, '2018-03-26 11:15:33', '2018-06-02', NULL, 'CANCELADA'),
	(6870, 40148, 26, '2018-03-26 13:20:06', '2018-05-01', NULL, 'CANCELADA'),
	(6872, 40156, 26, '2018-03-26 18:54:07', '2018-04-20', NULL, 'CANCELADA'),
	(6877, 40111, 48, '2018-03-27 09:19:35', '2018-04-10', '2018-03-28', 'INATIVA'),
	(6874, 40153, 45, '2018-03-27 13:29:10', '2018-04-20', '2018-04-09', 'INATIVA'),
	(6876, 40102, 9, '2018-03-27 15:38:05', '2018-04-10', '2018-04-08', 'INATIVA'),
	(6875, 40121, 19, '2018-03-27 15:44:16', '2018-12-17', '2018-04-09', 'INATIVA'),
	(6880, 40143, 36, '2018-03-28 08:35:37', '2018-04-11', '2018-04-07', 'INATIVA'),
	(6879, 40105, 26, '2018-03-28 14:42:11', '2018-05-09', NULL, 'CANCELADA'),
	(6878, 40114, 25, '2018-03-28 16:50:27', '2018-04-11', '2018-04-06', 'INATIVA'),
	(6881, 40111, 37, '2018-04-02 17:36:09', '2018-02-02', NULL, 'CANCELADA'),
	(6883, 40101, 13, '2018-04-04 08:10:02', '2018-05-01', NULL, 'CANCELADA'),
	(6882, 40148, 13, '2018-04-04 16:00:44', '2018-12-17', '2018-04-27', 'INATIVA'),
	(6884, 40154, 48, '2018-04-06 09:45:40', '2018-04-20', NULL, 'CANCELADA'),
	(6885, 40113, 45, '2018-04-06 14:31:45', '2018-06-02', '2018-04-16', 'INATIVA'),
	(6886, 40151, 45, '2018-04-06 15:16:47', '2018-02-02', '2018-05-04', 'INATIVA'),
	(6890, 40102, 11, '2018-04-09 08:49:21', '2018-02-02', '2018-06-16', 'INATIVA'),
	(6889, 40149, 11, '2018-04-09 16:59:06', '2018-06-02', '18/06/2018', 'INATIVA'),
	(6887, 40154, 36, '2018-04-09 17:08:59', '2018-06-02', '21/04/2018', 'INATIVA'),
	(6888, 40121, 13, '2018-04-09 18:42:48', '2018-05-07', NULL, 'CANCELADA'),
	(6894, 40157, 37, '2018-04-10 08:06:49', '2018-06-04', NULL, 'CANCELADA'),
	(6891, 40122, 49, '2018-04-10 09:43:27', '2018-04-24', NULL, 'CANCELADA'),
	(6893, 40121, 37, '2018-04-10 15:15:08', '2018-05-09', NULL, 'CANCELADA'),
	(6892, 40148, 49, '2018-04-10 18:51:43', '2018-05-08', NULL, 'CANCELADA'),
	(6896, 40103, 19, '2018-04-13 11:07:22', '2018-04-27', '2018-04-22', 'INATIVA'),
	(6895, 40141, 13, '2018-04-13 13:29:08', '2018-05-09', NULL, 'CANCELADA'),
	(6897, 40157, 37, '2018-04-16 10:20:24', '2018-02-02', '2018-04-18', 'INATIVA'),
	(6898, 40121, 13, '2018-04-16 10:58:40', '2018-06-11', NULL, 'CANCELADA'),
	(6899, 40144, 48, '2018-04-16 18:25:25', '2018-02-02', '2018-05-02', 'INATIVA'),
	(6900, 40158, 49, '2018-04-19 08:52:23', '2018-04-20', '01/05/2018', 'INATIVA'),
	(6903, 40131, 26, '2018-04-19 11:27:55', '2018-05-15', '2018-05-02', 'INATIVA'),
	(6902, 40149, 11, '2018-04-19 12:32:46', '2018-07-02', '2018-06-21', 'INATIVA'),
	(6901, 40121, 26, '2018-04-19 13:37:50', '2018-04-20', '2018-05-08', 'INATIVA'),
	(6907, 40148, 49, '2018-04-23 08:47:10', '2018-05-15', '2018-05-17', 'INATIVA'),
	(6906, 40124, 19, '2018-04-23 14:50:34', '2018-05-07', '28/04/2018', 'INATIVA'),
	(6904, 40134, 45, '2018-04-23 16:17:25', '2018-07-02', NULL, 'CANCELADA'),
	(6905, 40125, 26, '2018-04-23 18:02:26', '2018-06-05', NULL, 'CANCELADA'),
	(6909, 40145, 25, '2018-04-27 08:50:14', '2018-05-11', '28/04/2018', 'INATIVA'),
	(6910, 40149, 36, '2018-04-27 11:20:42', '2018-05-11', '09/05/2018', 'INATIVA'),
	(6908, 40154, 11, '2018-04-27 18:24:37', '2018-06-21', '05/07/2018', 'INATIVA'),
	(6911, 40149, 25, '2018-04-30 08:11:43', '2018-07-02', '2018-05-10', 'INATIVA'),
	(6912, 40113, 19, '2018-04-30 12:43:56', '2018-07-02', '2018-05-14', 'INATIVA'),
	(6913, 40131, 5, '2018-05-01 17:51:44', '2018-05-15', '02/05/2018', 'INATIVA'),
	(6918, 40122, 36, '2018-05-02 09:34:40', '2018-06-08', NULL, 'CANCELADA'),
	(6914, 40145, 37, '2018-05-02 12:12:33', '2018-05-16', '16/05/2018', 'INATIVA'),
	(6915, 40114, 37, '2018-05-02 14:14:54', '2018-06-05', 'CANCELADA'),
	(6916, 40124, 5, '2018-05-02 16:16:02', '2018-05-16', '2018-05-22', 'INATIVA'),
	(6917, 40102, 36, '2018-05-02 18:23:32', '2018-05-25', 'CANCELADA'),
	(6920, 40131, 26, '2018-05-04 16:29:13', '2018-06-02', 'CANCELADA'),
	(6921, 40148, 19, '2018-05-04 16:44:04', '2018-06-21', '2018-05-19', 'INATIVA'),
	(6919, 40146, 36, '2018-05-04 18:06:51', '2018-06-02', 'CANCELADA'),
	(6922, 40104, 13, '2018-05-08 10:14:03', '2018-05-22', '2018-05-25', 'INATIVA'),
	(6924, 40152, 45, '2018-05-08 12:19:05', '2018-05-22', '18/05/2018', 'INATIVA'),
	(6923, 40156, 49, '2018-05-08 13:27:45', '2018-05-29', 'CANCELADA'),
	(6925, 40147, 5, '2018-05-09 12:19:43', '2018-06-05', '08/06/2018', 'INATIVA'),
	(6926, 40145, 25, '2018-05-09 17:43:59', '2018-06-21', '2018-05-23', 'INATIVA'),
	(6928, 40147, 36, '2018-05-10 15:53:03', '2018-06-21', '2018-05-22', 'INATIVA'),
	(6927, 40155, 11, '2018-05-10 16:39:30', '2019-06-24', 'CANCELADA'),
	(6929, 40115, 26, '2018-05-10 18:25:39', '2018-06-21', '2018-05-18', 'INATIVA'),
	(6930, 40101, 36, '2018-05-16 14:03:44', '2019-06-24', 'CANCELADA'),
	(6932, 40131, 25, '2018-05-17 10:32:24', '2019-06-24', '2018-06-02', 'INATIVA'),
	(6931, 40104, 12, '2018-05-17 14:54:24', '2018-05-31', '28/05/2018', 'INATIVA'),
	(6933, 40104, 37, '2018-05-17 16:48:21', '2018-05-31', '2018-05-22', 'INATIVA'),
	(6934, 40123, 5, '2018-05-18 09:41:38', '2018-06-02', '2018-06-18', 'INATIVA'),
	(6936, 40102, 5, '2018-05-18 11:51:36', '2018-02-02', '06/07/2018', 'INATIVA'),
	(6937, 40131, 12, '2018-05-18 13:16:32', '2018-06-11', '2018-06-03', 'INATIVA'),
	(6935, 40105, 18, '2018-05-18 15:15:28', '2018-06-01', '2018-06-08', 'INATIVA'),
	(6939, 40103, 11, '2018-05-22 09:48:14', '2018-07-29', 'CANCELADA'),
	(6940, 40134, 45, '2018-05-22 12:03:54', '2018-06-05', '2018-05-28', 'INATIVA'),
	(6938, 40144, 18, '2018-05-22 14:58:01', '2018-12-17', '30/06/2018', 'INATIVA'),
	(6941, 40141, 37, '2018-05-23 11:43:47', '2019-06-24', '2018-06-01', 'INATIVA'),
	(6942, 40124, 18, '2018-05-23 13:21:46', '2018-02-02', '25/07/2018', 'INATIVA'),
	(6943, 40151, 12, '2018-05-23 14:18:15', '2018-06-17', '22/06/2018', 'INATIVA'),
	(6945, 40122, 19, '2018-05-24 10:43:50', '2018-06-07', '30/05/2018', 'INATIVA'),
	(6944, 40121, 36, '2018-05-24 12:52:46', '2018-06-07', '05/06/2018', 'INATIVA'),
	(6947, 40153, 12, '2018-05-24 14:09:01', '2018-07-01', 'CANCELADA'),
	(6946, 40152, 37, '2018-05-24 15:24:36', '2018-02-11', '2018-06-10', 'INATIVA'),
	(6949, 40152, 5, '2018-05-28 11:39:43', '2019-02-10', '2018-07-13', 'INATIVA'),
	(6950, 40144, 36, '2018-05-28 14:35:30', '2018-07-29', '2018-06-07', 'INATIVA'),
	(6948, 40121, 25, '2018-05-28 15:56:54', '2018-02-11', '2018-06-14', 'INATIVA'),
	(6952, 40122, 12, '2018-05-30 10:53:00', '2018-06-21', 'CANCELADA'),
	(6951, 40115, 9, '2018-05-30 16:02:25', '2018-06-13', '25/07/2018', 'INATIVA'),
	(6954, 40113, 25, '2018-05-31 16:25:44', '2018-12-17', '2018-06-22', 'INATIVA'),
	(6953, 40148, 37, '2018-05-31 18:37:33', '2018-12-17', '22/06/2018', 'INATIVA'),
	(6955, 40151, 9, '2018-06-04 08:16:30', '2018-09-17', '01/08/2018', 'INATIVA'),
	(6956, 40141, 48, '2018-06-04 08:25:43', '2018-06-18', '2018-06-22', 'INATIVA'),
	(6957, 40154, 12, '2018-06-04 13:50:36', '2018-07-29', NULL, 'CANCELADA'),
	(6958, 40157, 12, '2018-06-05 11:33:18', '2018-08-12', NULL, 'CANCELADA'),
	(6959, 40147, 37, '2018-06-07 11:47:18', '2018-04-23', '08/07/2018', 'INATIVA'),
	(6960, 40114, 11, '2018-06-07 12:02:34', '2018-08-12', NULL, 'CANCELADA'),
	(6963, 40149, 9, '2018-06-13 08:11:40', '2018-06-21', '2018-08-28', 'INATIVA'),
	(6962, 40154, 45, '2018-06-13 12:17:47', '2018-09-17', '29/06/2018', 'INATIVA'),
	(6961, 40158, 11, '2018-06-13 13:25:53', '2018-08-26', NULL, 'CANCELADA'),
	(6964, 40101, 12, '2018-06-14 15:42:06', '2018-08-26', NULL, 'CANCELADA'),
	(6966, 40115, 48, '2018-06-15 12:46:15', '2018-03-29', '2018-07-06', 'INATIVA'),
	(6965, 40152, 9, '2018-06-15 12:51:08', '2018-09-24', '03/09/2018', 'INATIVA'),
	(6967, 40151, 9, '2018-06-18 12:55:04', '2018-09-17', '2018-09-13', 'INATIVA'),
	(6969, 40134, 12, '2018-06-18 13:25:16', '2018-09-09', NULL, 'CANCELADA'),
	(6968, 40152, 36, '2018-06-18 15:00:11', '2018-03-29', '2018-07-01', 'INATIVA'),
	(6970, 40123, 37, '2018-06-19 08:13:35', '2018-03-29', '2018-08-08', 'INATIVA'),
	(6971, 40142, 25, '2018-06-19 11:05:43', '2018-03-29', '2018-07-03', 'INATIVA'),
	(6972, 40149, 18, '2018-06-19 17:33:51', '2018-03-29', '2018-08-03', 'INATIVA'),
	(6974, 40155, 36, '2018-06-20 15:24:32', '2019-06-24', '2018-07-17', 'INATIVA'),
	(6973, 40152, 25, '2018-06-20 17:01:36', '2019-11-07', '08/07/2018', 'INATIVA'),
	(6975, 40104, 36, '2018-06-20 17:19:08', '2018-07-31', '2018-08-09', 'INATIVA'),
	(6976, 40113, 36, '2018-06-20 17:23:59', '2018-08-14', NULL, 'CANCELADA'),
	(6979, 40148, 18, '2018-06-21 12:58:04', '2019-11-07', '19/08/2018', 'INATIVA'),
	(6978, 40142, 45, '2018-06-21 17:02:39', '2018-09-27', '12/07/2018', 'INATIVA'),
	(6977, 40143, 25, '2018-06-21 18:56:24', '2018-10-21', NULL, 'CANCELADA'),
	(6981, 40124, 5, '2018-06-22 09:40:27', '2018-07-27', NULL, 'CANCELADA'),
	(6980, 40122, 25, '2018-06-22 15:36:05', '2019-01-10', NULL, 'CANCELADA'),
	(6983, 40155, 48, '2018-06-25 08:26:15', '2019-07-06', '2018-07-16', 'INATIVA'),
	(6984, 40147, 12, '2018-06-25 17:09:48', '2018-07-12', NULL, 'CANCELADA'),
	(6982, 40157, 48, '2018-06-25 18:01:59', '2018-07-02', '2018-07-23', 'INATIVA'),
	(6985, 40135, 37, '2018-06-27 09:53:29', '2018-09-27', NULL, 'CANCELADA'),
	(6986, 40102, 5, '2018-06-27 17:30:17', '2018-08-10', NULL, 'CANCELADA'),
	(6987, 40113, 25, '2018-06-27 18:07:54', '2019-02-05', NULL, 'CANCELADA'),
	(6989, 40102, 13, '2018-06-29 10:24:25', '2018-09-27', '2018-07-06', 'INATIVA'),
	(6990, 40101, 13, '2018-06-29 14:12:51', '2018-07-20', '2018-07-08', 'INATIVA'),
	(6988, 40154, 48, '2018-06-29 14:58:04', '2018-08-20', '2018-08-01', 'INATIVA'),
	(6992, 40134, 26, '2018-08-13 15:17:51', '2018-08-27', '2018-08-31', 'INATIVA'),
	(6991, 40105, 14, '2018-08-13 18:11:30', '2018-08-27', '2018-08-27', 'INATIVA'),
	(6993, 40144, 37, '2018-08-16 10:53:49', '2018-08-30', '2018-08-17', 'INATIVA'),
	(6994, 40114, 48, '2018-08-16 13:42:44', '2018-08-30', '28/08/2018', 'INATIVA'),
	(6996, 40134, 9, '2018-08-16 14:54:36', '2018-08-30', NULL, 'CANCELADA'),
	(6995, 40125, 35, '2018-08-16 15:47:08', '2018-08-30', '2018-08-31', 'INATIVA'),
	(6999, 40151, 49, '2018-08-17 09:30:14', '2018-08-31', '28/09/2018', 'INATIVA'),
	(6997, 40147, 37, '2018-08-17 13:53:57', '2018-08-31', '02/09/2018', 'INATIVA'),
	(6998, 40114, 18, '2018-08-17 15:07:39', '2018-09-02', '2018-09-03', 'INATIVA'),
	(7000, 40141, 14, '2018-08-21 14:17:52', '2018-09-10', NULL, 'CANCELADA'),
	(7001, 40149, 48, '2018-08-22 12:10:58', '2018-09-15', NULL, 'CANCELADA'),
	(7003, 40112, 49, '2018-08-23 11:52:02', '2018-09-16', NULL, 'CANCELADA'),
	(7002, 40145, 14, '2018-08-23 14:18:44', '2018-09-24', NULL, 'CANCELADA'),
	(7004, 40124, 26, '2018-08-28 10:16:52', '2018-09-15', '17/09/2018', 'INATIVA'),
	(7005, 40155, 12, '2018-08-28 15:41:34', '2018-09-15', '2018-09-01', 'INATIVA'),
	(7006, 40134, 19, '2018-08-29 10:32:03', '2018-09-12', '2018-09-07', 'INATIVA'),
	(7008, 40105, 25, '2018-08-29 12:40:52', '2018-09-12', '2018-09-06', 'INATIVA'),
	(7007, 40125, 36, '2018-08-29 13:25:59', '2018-09-12', NULL, 'CANCELADA'),
	(7009, 40115, 37, '2018-08-30 15:29:50', '2018-09-16', '2018-09-12', 'INATIVA'),
	(7010, 40122, 26, '2018-08-31 09:28:25', '2018-10-01', '2018-10-16', 'INATIVA'),
	(7011, 40144, 35, '2018-08-31 09:32:05', '2018-09-16', '2018-09-20', 'INATIVA'),
	(7012, 40112, 34, '2018-09-03 10:33:47', '2018-09-17', '2018-09-07', 'INATIVA'),
	(7013, 40111, 18, '2018-09-03 12:45:04', '2018-09-17', '2018-09-17', 'INATIVA'),
	(7014, 40147, 35, '2018-09-03 18:11:06', '2018-10-04', '2018-09-25', 'INATIVA'),
	(7015, 40148, 35, '2018-09-04 15:29:06', '2018-10-09', '2018-10-11', 'INATIVA'),
	(7016, 40156, 16, '2018-09-04 18:44:16', '2018-09-18', '2018-09-16', 'INATIVA'),
	(7018, 40152, 35, '2018-09-05 08:23:01', '2018-10-23', NULL, 'CANCELADA'),
	(7017, 40125, 11, '2018-09-05 16:15:31', '2018-09-19', '2018-09-16', 'INATIVA'),
	(7019, 40158, 14, '2018-09-07 14:53:25', '2018-09-21', '2018-09-15', 'INATIVA'),
	(7020, 40149, 34, '2018-09-07 18:53:39', '2018-09-21', '2018-09-14', 'INATIVA'),
	(7022, 40131, 26, '2018-09-11 11:17:17', '2018-11-13', '2018-10-23', 'INATIVA'),
	(7021, 40122, 19, '2018-09-11 11:29:59', '2018-09-25', '2018-09-12', 'INATIVA'),
	(7023, 40121, 9, '2018-09-13 08:09:19', '2018-09-27', '2018-09-28', 'INATIVA'),
	(7024, 40153, 26, '2018-09-13 13:21:21', '2018-11-07', NULL, 'CANCELADA'),
	(7025, 40111, 26, '2018-09-18 12:19:03', '2018-11-07', NULL, 'CANCELADA'),
	(7026, 40102, 16, '2018-09-18 14:27:30', '2018-10-02', '2018-09-25', 'INATIVA'),
	(7028, 40141, 34, '2018-09-24 12:37:31', '2018-10-08', '2018-09-27', 'INATIVA'),
	(7027, 40114, 9, '2018-09-24 18:33:59', '2018-10-11', NULL, 'CANCELADA'),
	(7030, 40104, 13, '2018-09-25 10:29:21', '2018-10-09', '2018-10-17', 'INATIVA'),
	(7029, 40149, 35, '2018-09-25 18:02:28', '2018-11-07', NULL, 'CANCELADA'),
	(7031, 40141, 16, '2018-09-28 12:02:34', '2018-10-12', '2018-10-06', 'INATIVA'),
	(7033, 40101, 37, '2018-10-01 12:03:50', '2018-11-13', '2018-10-10', 'INATIVA'),
	(7032, 40153, 25, '2018-10-01 12:47:40', '2018-11-13', '2018-10-03', 'INATIVA'),
	(7036, 40123, 5, '2018-10-02 10:46:24', '2018-10-16', '2018-10-30', 'INATIVA'),
	(7034, 40144, 9, '2018-10-02 13:43:35', '2018-10-16', NULL, 'CANCELADA'),
	(7035, 40154, 35, '2018-10-02 15:56:11', '2018-11-07', NULL, 'CANCELADA'),
	(7037, 40151, 26, '2018-10-03 11:31:39', '2018-11-07', NULL, 'CANCELADA'),
	(7038, 40145, 34, '2018-10-03 14:20:20', '2018-10-17', '2018-10-04', 'INATIVA'),
	(7039, 40156, 9, '2018-10-04 14:15:04', '2018-11-13', NULL, 'CANCELADA'),
	(7040, 40158, 36, '2018-10-04 16:04:12', '2018-10-18', '2018-10-06', 'INATIVA'),
	(7042, 40131, 26, '2018-10-10 12:33:53', '2018-11-07', NULL, 'CANCELADA'),
	(7043, 40104, 5, '2018-10-10 14:42:52', '2018-11-13', NULL, 'CANCELADA'),
	(7041, 40145, 34, '2018-10-10 18:56:14', '2018-10-24', NULL, 'CANCELADA'),
	(7044, 40147, 17, '2018-10-11 15:05:51', '2018-10-25', '2018-10-12', 'INATIVA'),
	(7045, 40157, 25, '2018-10-11 15:17:18', '2018-10-25', '2018-10-18', 'INATIVA'),
	(7046, 40124, 26, '2018-10-11 16:40:12', '2018-10-21', NULL, 'CANCELADA'),
	(7048, 40158, 17, '2018-10-12 10:41:11', '2018-10-26', '2018-11-02', 'INATIVA'),
	(7047, 40141, 16, '2018-10-12 12:07:18', '2018-10-26', '2018-10-27', 'INATIVA'),
	(7049, 40158, 12, '2018-10-12 18:33:06', '2018-10-26', '2018-10-14', 'INATIVA'),
	(7050, 40114, 19, '2018-10-16 10:24:29', '2018-11-13', NULL, 'CANCELADA'),
	(7052, 40135, 5, '2018-10-16 16:21:12', '2018-11-07', NULL, 'CANCELADA'),
	(7051, 40125, 26, '2018-10-16 18:47:50', '2019-01-10', NULL, 'CANCELADA'),
	(7053, 40115, 19, '2018-10-17 09:03:19', '2018-11-07', NULL, 'CANCELADA'),
	(7054, 40121, 35, '2018-10-17 15:55:37', '2018-10-31', '2018-10-10', 'INATIVA'),
	(7055, 40111, 18, '2018-10-18 17:01:54', '2018-11-01', '2018-10-26', 'INATIVA'),
	(7056, 40156, 34, '2018-10-23 08:30:30', '2018-11-07', '2018-11-07', 'INATIVA'),
	(7059, 40157, 18, '2018-10-23 08:37:19', '2018-10-21', '2018-11-03', 'INATIVA'),
	(7057, 40104, 37, '2018-10-23 15:57:40', '2018-11-07', '2018-11-02', 'INATIVA'),
	(7058, 40135, 14, '2018-10-23 16:45:19', '2018-11-07', '27/10/2018', 'INATIVA'),
	(7060, 40156, 34, '2018-10-24 10:08:35', '2018-11-07', '2018-11-22', 'INATIVA'),
	(7062, 40124, 12, '2018-10-24 14:58:55', '2018-11-07', '2018-11-19', 'INATIVA'),
	(7061, 40125, 17, '2018-10-24 15:47:08', '2018-10-21', '14/11/2018', 'INATIVA'),
	(7065, 40152, 11, '2018-10-25 10:09:24', '2018-11-08', '2018-11-08', 'INATIVA'),
	(7063, 40145, 5, '2018-10-25 12:04:34', '2018-11-07', 'CANCELADA'),
	(7064, 40114, 5, '2018-10-25 13:04:29', '2018-11-07', 'CANCELADA'),
	(7066, 40148, 49, '2018-10-26 09:25:59', '2018-10-21', '2018-11-04', 'INATIVA'),
	(7068, 40153, 26, '2018-10-26 12:14:35', '2019-02-10', 'CANCELADA'),
	(7067, 40112, 11, '2018-10-26 15:46:38', '2018-11-22', 'CANCELADA'),
	(7070, 40102, 37, '2018-10-30 12:07:00', '2018-10-21', '16/11/2018', 'INATIVA'),
	(7069, 40102, 26, '2018-10-30 18:49:52', '2018-12-20', 'CANCELADA'),
	(7071, 40111, 37, '2018-10-31 08:14:43', '2019-01-10', '02/12/2018', 'INATIVA'),
	(7073, 40153, 13, '2018-11-01 10:26:13', '2018-11-15', '2018-11-20', 'INATIVA'),
	(7072, 40111, 34, '2018-11-01 18:38:17', '2018-10-21', '2018-12-06', 'INATIVA'),
	(7074, 40147, 47, '2018-11-02 14:45:28', '2018-10-21', '2018-11-06', 'INATIVA'),
	(7075, 40154, 26, '2018-11-02 18:32:19', '2019-02-26', 'CANCELADA'),
	(7076, 40121, 45, '2018-11-05 11:04:59', '2018-11-19', '11/11/2018', 'INATIVA'),
	(7077, 40155, 37, '2018-11-05 12:39:08', '2018-12-16', '09/12/2018', 'INATIVA'),
	(7078, 40112, 49, '2018-11-06 13:11:03', '2018-11-20', 'CANCELADA'),
	(7082, 40114, 34, '2018-11-07 09:33:13', '2019-01-21', '22/12/2018', 'INATIVA'),
	(7081, 40113, 45, '2018-11-07 10:22:09', '2018-11-25', '19/11/2018', 'INATIVA'),
	(7080, 40146, 49, '2018-11-07 12:06:12', '2018-11-27', 'CANCELADA'),
	(7079, 40157, 13, '2018-11-07 17:24:24', '2018-11-27', '2018-11-23', 'INATIVA'),
	(7083, 40142, 37, '2018-11-08 15:17:21', '2018-12-23', '2018-12-26', 'INATIVA'),
	(7087, 40115, 17, '2018-11-09 14:40:11', '2019-01-15', '2018-11-30', 'INATIVA'),
	(7085, 40146, 17, '2018-11-09 16:12:52', '2018-11-16', '2018-12-18', 'INATIVA'),
	(7084, 40158, 13, '2018-11-09 16:24:31', '2018-12-07', '2018-12-10', 'INATIVA'),
	(7086, 40102, 48, '2018-11-09 18:13:11', '2018-11-16', '23/11/2018', 'INATIVA'),
	(7089, 40125, 9, '2018-11-14 15:08:18', '2018-11-28', '2018-11-17', 'INATIVA'),
	(7088, 40105, 37, '2018-11-14 16:54:11', '2019-02-10', '2019-01-17', 'INATIVA'),
	(7090, 40125, 47, '2018-11-16 09:32:34', '2018-11-30', '2018-11-22', 'INATIVA'),
	(7091, 40125, 14, '2018-11-16 14:38:31', '2018-11-30', '2019-02-14', 'INATIVA'),
	(7092, 40156, 17, '2018-11-16 16:34:07', '2019-02-10', '2019-01-01', 'INATIVA'),
	(7093, 40152, 14, '2018-11-20 09:40:05', '2019-02-10', 'CANCELADA'),
	(7095, 40123, 16, '2018-11-20 10:45:54', '2018-12-07', '2018-11-30', 'INATIVA'),
	(7096, 40123, 9, '2018-11-20 12:04:20', '2018-11-27', '2018-12-02', 'INATIVA'),
	(7094, 40152, 16, '2018-11-20 15:25:01', '2018-11-27', '2018-12-15', 'INATIVA'),
	(7097, 40103, 25, '2018-11-22 13:38:53', '2019-01-21', '2018-11-29', 'INATIVA'),
	(7099, 40104, 13, '2018-11-26 08:35:01', '2018-12-24', '2018-12-16', 'INATIVA'),
	(7098, 40101, 34, '2018-11-26 15:57:21', '2019-01-05', '2019-02-15', 'INATIVA'),
	(7100, 40111, 17, '2018-11-26 17:54:40', '2018-12-20', '2019-01-15', 'INATIVA'),
	(7101, 40142, 34, '2018-11-29 14:00:51', '2019-01-19', 'CANCELADA'),
	(7102, 40153, 16, '2018-11-30 08:19:33', '2019-02-10', '2018-12-22', 'INATIVA'),
	(7105, 40134, 37, '2018-11-30 08:44:34', '2018-12-30', '2019-01-29', 'INATIVA'),
	(7104, 40115, 13, '2018-11-30 16:16:36', '2018-12-30', '2018-12-28', 'INATIVA'),
	(7103, 40155, 9, '2018-11-30 16:34:25', '2019-02-10', '2018-12-09', 'INATIVA'),
	(7106, 40123, 37, '2019-02-04 13:20:02', '2019-02-18', '2019-03-11', 'INATIVA'),
	(7107, 40148, 25, '2019-02-06 08:01:08', '2019-02-20', '2019-02-13', 'INATIVA'),
	(7109, 40157, 16, '2019-02-13 10:31:24', '2019-02-27', '2019-02-17', 'INATIVA'),
	(7108, 40158, 12, '2019-02-13 11:30:30', '2019-02-27', '2019-02-18', 'INATIVA'),
	(7110, 40112, 36, '2019-02-14 11:29:10', '2019-02-28', '2019-02-22', 'INATIVA'),
	(7111, 40156, 36, '2019-02-14 13:10:34', '2019-03-08', '2019-03-07', 'INATIVA'),
	(7112, 40155, 36, '2019-02-15 11:30:59', '2019-03-21', '2019-03-23', 'INATIVA'),
	(7114, 40152, 36, '2019-02-18 11:36:18', '2019-04-01', '2019-04-07', 'INATIVA'),
	(7113, 40104, 49, '2019-02-18 17:44:54', '2019-03-04', '2019-02-20', 'INATIVA'),
	(7115, 40123, 5, '2019-02-19 08:59:00', '2019-03-05', '2019-02-23', 'INATIVA'),
	(7116, 40145, 16, '2019-02-19 13:39:24', '2019-03-05', '2019-02-24', 'INATIVA'),
	(7117, 40155, 34, '2019-02-20 12:33:14', '2019-03-06', '2019-03-05', 'INATIVA'),
	(7120, 40144, 12, '2019-02-22 09:12:39', '2019-03-08', '2019-03-08', 'INATIVA'),
	(7121, 40157, 34, '2019-02-22 11:34:48', '2019-03-19', NULL, 'CANCELADA'),
	(7119, 40105, 14, '2019-02-22 11:56:59', '2019-03-08', NULL, 'CANCELADA'),
	(7118, 40111, 19, '2019-02-22 12:16:50', '2019-03-08', '2019-03-12', 'INATIVA'),
	(7122, 40153, 37, '2019-02-25 18:04:49', '2019-04-01', NULL, 'CANCELADA'),
	(7124, 40131, 11, '2019-02-26 12:15:00', '2019-03-12', '2019-02-27', 'INATIVA'),
	(7123, 40105, 13, '2019-02-26 15:28:31', '2019-03-12', '2019-03-04', 'INATIVA'),
	(7125, 40112, 27, '2019-02-27 18:13:04', '2019-03-13', '2019-03-09', 'INATIVA'),
	(7126, 40121, 18, '2019-02-28 17:44:18', '2019-03-14', '2019-03-08', 'INATIVA'),
	(7127, 40149, 16, '2019-03-01 10:05:06', '2019-03-15', '2019-03-10', 'INATIVA'),
	(7128, 40149, 5, '2019-03-01 11:59:06', '2019-03-15', '2019-03-05', 'INATIVA'),
	(7130, 40141, 36, '2019-03-04 09:27:42', '2019-04-26', '2019-04-14', 'INATIVA'),
	(7129, 40147, 5, '2019-03-04 15:54:16', '2019-03-19', '2019-03-18', 'INATIVA'),
	(7133, 40112, 48, '2019-03-05 11:20:35', '2019-03-19', '2019-03-27', 'INATIVA'),
	(7132, 40147, 18, '2019-03-05 11:44:49', '2019-03-22', '2019-03-19', 'INATIVA'),
	(7131, 40153, 11, '2019-03-05 14:36:46', '2019-03-19', NULL, 'CANCELADA'),
	(7134, 40158, 18, '2019-03-06 08:14:10', '2019-04-10', '2019-04-02', 'INATIVA'),
	(7137, 40149, 47, '2019-03-07 10:53:50', '2019-03-21', '2019-03-09', 'INATIVA'),
	(7135, 40125, 50, '2019-03-07 11:06:20', '2019-03-21', '2019-03-16', 'INATIVA'),
	(7136, 40154, 45, '2019-03-07 17:04:58', '2019-03-21', '2019-03-09', 'INATIVA'),
	(7139, 40115, 13, '2019-03-08 11:20:41', '2019-03-22', NULL, 'CANCELADA'),
	(7138, 40104, 48, '2019-03-08 14:01:50', '2019-04-10', '2019-04-09', 'INATIVA'),
	(7140, 40154, 36, '2019-03-08 14:14:29', '2019-04-28', '2019-04-28', 'INATIVA'),
	(7141, 40145, 17, '2019-03-11 14:17:42', '2019-03-25', '2019-03-29', 'INATIVA'),
	(7142, 40154, 49, '2019-03-12 16:52:17', '2019-03-26', '2019-03-15', 'INATIVA'),
	(7143, 40146, 13, '2019-03-12 17:17:52', '2019-04-10', NULL, 'CANCELADA'),
	(7144, 40135, 45, '2019-03-13 09:00:12', '2019-03-27', '2019-03-23', 'INATIVA'),
	(7145, 40141, 50, '2019-03-13 11:01:49', '2019-04-01', '2019-04-01', 'INATIVA'),
	(7146, 40142, 36, '2019-03-13 11:17:07', '2019-05-12', '2019-05-08', 'INATIVA'),
	(7147, 40154, 9, '2019-03-14 18:34:49', '2019-03-28', NULL, 'CANCELADA'),
	(7148, 40146, 20, '2019-03-15 13:56:31', '2019-03-29', '2019-03-20', 'INATIVA'),
	(7149, 40156, 18, '2019-03-15 15:24:37', '2019-04-05', '2019-04-08', 'INATIVA'),
	(7150, 40114, 25, '2019-03-15 18:11:40', '2019-03-29', '2019-03-26', 'INATIVA'),
	(7151, 40144, 12, '2019-03-15 18:58:52', '2019-03-29', 'ATIVA');
	(7154, 40102, 37, '2019-03-18 15:10:15', '2019-04-17', NULL, 'CANCELADA'),
	(7153, 40158, 17, '2019-03-18 15:48:42', '2019-04-08', NULL, 'CANCELADA'),
	(7152, 40154, 25, '2019-03-18 17:42:36', '2019-03-31', '2019-04-02', 'INATIVA'),
	(7156, 40135, 20, '2019-03-19 10:35:23', '2019-03-31', '2019-03-23', 'INATIVA'),
	(7157, 40111, 47, '2019-03-19 15:29:45', '2019-04-10', '2019-03-30', 'INATIVA'),
	(7155, 40103, 37, '2019-03-19 18:42:28', '2019-04-29', NULL, 'CANCELADA'),
	(7158, 40111, 18, '2019-03-20 13:19:25', '2019-05-15', '2019-04-24', 'INATIVA'),
	(7159, 40105, 49, '2019-03-20 18:24:54', '2019-03-31', '2019-04-26', 'INATIVA'),
	(7160, 40143, 50, '2019-03-21 17:52:24', '2019-04-13', '2019-05-21', 'INATIVA'),
	(7162, 40111, 48, '2019-03-22 09:57:22', '2019-04-05', '2019-04-27', 'INATIVA'),
	(7163, 40114, 20, '2019-03-22 10:06:29', '2019-04-05', '2019-03-26', 'INATIVA'),
	(7161, 40125, 35, '2019-03-22 18:37:36', '2019-04-05', '2019-09-15', 'INATIVA'),
	(7165, 40113, 17, '2019-03-26 08:25:14', '2019-05-15', NULL, 'CANCELADA'),
	(7166, 40134, 17, '2019-03-26 11:24:43', '2019-05-06', NULL, 'CANCELADA'),
	(7164, 40151, 49, '2019-03-26 17:21:26', '2019-04-05', NULL, 'CANCELADA'),
	(7168, 40143, 20, '2019-03-27 08:26:09', '2019-04-10', '2019-04-15', 'INATIVA'),
	(7167, 40105, 26, '2019-03-27 09:15:39', '2019-04-10', '2019-03-31', 'INATIVA'),
	(7169, 40135, 19, '2019-03-28 08:15:11', '2019-04-11', NULL, 'CANCELADA'),
	(7170, 40102, 26, '2019-03-28 08:23:35', '2019-04-05', '2019-04-12', 'INATIVA'),
	(7171, 40152, 27, '2019-03-28 11:47:28', '2019-04-11', '2019-05-03', 'INATIVA'),
	(7172, 40144, 16, '2019-03-29 18:14:28', '2019-04-12', '2019-04-06', 'INATIVA'),
	(7173, 40141, 25, '2019-04-01 08:31:56', '2019-04-17', '2019-04-09', 'INATIVA'),
	(7174, 40103, 24, '2019-04-01 11:00:33', '2019-04-17', '2019-04-02', 'INATIVA'),
	(7175, 40147, 48, '2019-04-02 11:37:05', '2019-05-15', '2019-05-09', 'INATIVA'),
	(7178, 40114, 25, '2019-04-03 11:26:30', '2019-05-15', NULL, 'CANCELADA'),
	(7176, 40111, 19, '2019-04-03 17:29:26', '2019-04-17', '2019-04-09', 'INATIVA'),
	(7177, 40102, 37, '2019-04-03 17:58:45', '2019-04-17', '2019-04-26', 'INATIVA'),
	(7181, 40144, 35, '2019-04-04 09:45:14', '2019-09-29', '2019-09-29', 'INATIVA'),
	(7180, 40151, 17, '2019-04-04 12:22:46', '2019-04-18', '2019-04-17', 'INATIVA'),
	(7179, 40122, 48, '2019-04-04 12:42:34', '2019-07-20', NULL, 'CANCELADA'),
	(7182, 40155, 12, '2019-04-04 14:06:50', '2019-04-18', 'ATIVA'),
	(7183, 40115, 25, '2019-04-05 12:17:31', '2019-07-20', NULL, 'CANCELADA'),
	(7184, 40147, 36, '2019-04-05 15:00:42', '2019-05-22', '2019-05-24', 'INATIVA'),
	(7186, 40115, 26, '2019-04-08 16:05:21', '2019-04-29', '2019-04-21', 'INATIVA'),
	(7185, 40113, 36, '2019-04-08 18:15:06', '2019-06-07', '2019-06-03', 'INATIVA'),
	(7188, 40134, 50, '2019-04-09 08:51:48', '2019-06-04', '2019-05-31', 'INATIVA'),
	(7189, 40144, 13, '2019-04-09 09:59:42', '2019-05-15', NULL, 'CANCELADA'),
	(7187, 40152, 36, '2019-04-09 16:11:03', '2019-06-17', '2019-07-04', 'INATIVA'),
	(7191, 40113, 18, '2019-04-12 12:43:41', '2019-07-20', '2019-04-29', 'INATIVA'),
	(7190, 40113, 25, '2019-04-12 16:08:50', '2019-05-18', NULL, 'CANCELADA'),
	(7192, 40104, 5, '2019-04-12 18:36:01', '2019-04-26', '26/04/2019', 'INATIVA'),
	(7193, 40102, 25, '2019-04-17 11:05:12', '2019-06-04', NULL, 'CANCELADA'),
	(7195, 40146, 17, '2019-04-18 09:33:36', '2019-05-02', '2019-05-14', 'INATIVA'),
	(7196, 40145, 18, '2019-04-18 11:27:46', '2019-05-18', '2019-05-01', 'INATIVA'),
	(7194, 40104, 48, '2019-04-18 18:30:24', '2019-05-18', '2019-06-20', 'INATIVA'),
	(7197, 40135, 25, '2019-04-19 14:03:42', '2019-06-12', NULL, 'CANCELADA'),
	(7198, 40131, 24, '2019-04-23 12:33:39', '2019-07-20', '2019-06-11', 'INATIVA'),
	(7199, 40143, 26, '2019-04-24 13:19:13', '2019-07-20', '2019-05-18', 'INATIVA'),
	(7200, 40145, 12, '2019-04-24 17:45:26', '2019-07-20', 'ATIVA'),
	(7203, 40142, 36, '2019-04-25 08:57:21', '2019-07-18', '2019-07-13', 'INATIVA'),
	(7201, 40152, 19, '2019-04-25 15:11:16', '2019-05-09', '2019-04-29', 'INATIVA'),
	(7202, 40158, 33, '2019-04-25 15:46:51', '2019-05-09', '08/05/2019', 'INATIVA'),
	(7204, 40112, 24, '2019-04-26 10:43:34', '2019-05-18', '26/06/2019', 'INATIVA'),
	(7205, 40143, 47, '2019-04-30 10:47:20', '2019-05-14', '01/05/2019', 'INATIVA'),
	(7208, 40134, 18, '2019-04-30 13:42:42', '2019-05-15', '06/05/2019', 'INATIVA'),
	(7207, 40145, 26, '2019-04-30 17:57:41', '2019-07-20', '2019-06-01', 'INATIVA'),
	(7206, 40103, 19, '2019-04-30 18:04:14', '2019-05-14', '2019-05-21', 'INATIVA'),
	(7211, 40146, 33, '2019-05-01 15:37:53', '2019-05-22', '2019-05-13', 'INATIVA'),
	(7209, 40157, 24, '2019-05-01 15:46:30', '2019-07-20', '2019-07-07', 'INATIVA'),
	(7210, 40134, 11, '2019-05-01 16:27:24', '2019-05-15', '2019-05-03', 'INATIVA'),
	(7212, 40102, 24, '2019-05-02 10:05:56', '2019-07-16', '2019-07-20', 'INATIVA'),
	(7213, 40124, 14, '2019-05-02 11:48:09', '2019-05-16', NULL, 'CANCELADA'),
	(7214, 40123, 26, '2019-05-02 14:45:09', '2019-07-16', '04/08/2019', 'INATIVA'),
	(7215, 40123, 5, '2019-05-02 18:18:23', '2019-05-16', '17/05/2019', 'INATIVA'),
	(7216, 40123, 48, '2019-05-03 10:03:45', '2019-07-20', NULL, 'CANCELADA'),
	(7217, 40112, 19, '2019-05-03 13:11:28', '2019-05-28', NULL, 'CANCELADA'),
	(7218, 40148, 10, '2019-05-03 17:46:03', '2019-05-17', '2019-05-13', 'INATIVA'),
	(7219, 40154, 35, '2019-05-06 08:00:18', '2019-10-30', NULL, 'CANCELADA'),
	(7220, 40154, 10, '2019-05-06 12:07:37', '2019-05-27', '2019-05-21', 'INATIVA'),
	(7222, 40104, 14, '2019-05-07 14:32:47', '2019-07-20', NULL, 'CANCELADA'),
	(7221, 40156, 37, '2019-05-07 16:10:52', '2019-05-21', '2019-05-08', 'INATIVA'),
	(7225, 40112, 18, '2019-05-09 13:09:27', '2019-06-29', '2019-05-23', 'INATIVA'),
	(7223, 40101, 5, '2019-05-09 15:55:07', '2019-07-20', '2019-05-27', 'INATIVA'),
	(7224, 40113, 48, '2019-05-09 16:00:29', '2019-06-29', '2019-06-23', 'INATIVA'),
	(7227, 40121, 35, '2019-05-10 09:45:11', '2020-02-28', NULL, 'CANCELADA'),
	(7226, 40152, 12, '2019-05-10 16:57:54', '2019-07-20', 'ATIVA'),
	(7229, 40158, 26, '2019-05-13 09:20:30', '2019-07-07', '2019-08-15', 'INATIVA'),
	(7230, 40157, 18, '2019-05-13 17:38:01', '2020-03-06', '2019-06-14', 'INATIVA'),
	(7228, 40148, 9, '2019-05-13 18:38:41', '2019-05-27', '2019-05-24', 'INATIVA'),
	(7231, 40105, 7, '2019-05-17 08:35:32', '2019-07-20', '2019-05-29', 'INATIVA'),
	(7232, 40145, 13, '2019-05-17 12:02:43', '2019-07-20', '2019-05-20', 'INATIVA'),
	(7233, 40105, 10, '2019-05-17 16:52:16', '2019-06-04', '02/06/2019', 'INATIVA'),
	(7234, 40131, 48, '2019-05-20 14:08:16', '2020-03-06', '2019-07-05', 'INATIVA'),
	(7235, 40134, 33, '2019-05-20 14:12:23', '2020-02-28', '2019-05-23', 'INATIVA'),
	(7236, 40142, 33, '2019-05-20 15:18:55', '2020-03-06', '2019-05-30', 'INATIVA'),
	(7237, 40141, 7, '2019-05-21 16:02:50', '2019-07-16', '2019-06-12', 'INATIVA'),
	(7238, 40157, 14, '2019-05-22 15:33:06', '2019-06-07', '2019-05-23', 'INATIVA'),
	(7239, 40153, 35, '2019-05-22 16:38:05', '2020-03-06', NULL, 'CANCELADA'),
	(7241, 40153, 7, '2019-05-23 16:09:02', '2019-07-07', '2019-08-07', 'INATIVA'),
	(7240, 40135, 9, '2019-05-23 16:23:00', '2019-06-07', '2019-05-29', 'INATIVA'),
	(7242, 40145, 14, '2019-05-23 17:09:08', '2020-03-06', '2019-06-05', 'INATIVA'),
	(7245, 40148, 33, '2019-05-24 12:11:43', '2019-06-12', '2019-06-11', 'INATIVA'),
	(7244, 40111, 12, '2019-05-24 16:49:51', '2019-07-16', 'ATIVA'),
	(7243, 40113, 5, '2019-05-24 18:08:41', '2019-07-16', NULL, 'CANCELADA'),
	(7248, 40149, 24, '2019-05-27 08:12:31', '2019-06-24', NULL, 'CANCELADA'),
	(7247, 40153, 10, '2019-05-27 11:10:49', '2019-06-12', '09/06/2019', 'INATIVA'),
	(7249, 40155, 20, '2019-05-27 13:41:17', '2019-07-16', '06/06/2019', 'INATIVA'),
	(7246, 40112, 33, '2019-05-27 18:33:57', '2019-07-07', '2019-06-22', 'INATIVA'),
	(7250, 40131, 14, '2019-05-28 16:03:23', '2019-06-12', '2019-06-18', 'INATIVA'),
	(7251, 40105, 10, '2019-05-29 10:12:03', '2019-07-07', '2019-06-11', 'INATIVA'),
	(7252, 40158, 12, '2019-05-30 11:17:41', '2019-06-22', 'ATIVA'),
	(7253, 40144, 50, '2019-05-30 11:47:21', '2019-06-12', '2019-06-24', 'INATIVA'),
	(7254, 40142, 10, '2019-06-04 12:17:58', '2019-06-29', '2019-06-15', 'INATIVA'),
	(7256, 40152, 33, '2019-06-06 13:10:22', '2019-06-29', '2019-08-07', 'INATIVA'),
	(7255, 40141, 34, '2019-06-06 15:10:32', '2019-07-16', '2019-06-07', 'INATIVA'),
	(7257, 40158, 20, '2019-06-10 09:02:25', '2019-06-24', NULL, 'CANCELADA'),
	(7259, 40142, 12, '2019-06-10 14:03:16', '2019-07-06', 'ATIVA'),
	(7258, 40125, 13, '2019-06-10 16:49:49', '2019-06-24', '2019-06-14', 'INATIVA'),
	(7260, 40123, 24, '2019-06-13 11:48:51', '2019-07-04', NULL, 'CANCELADA'),
	(7263, 40143, 9, '2019-06-13 15:40:40', '2019-07-11', '2019-06-19', 'INATIVA'),
	(7261, 40147, 9, '2019-06-13 16:59:24', '2019-06-05', '2019-06-27', 'INATIVA'),
	(7262, 40146, 49, '2019-06-13 17:24:32', '2019-06-05', '2019-06-18', 'INATIVA'),
	(7264, 40114, 32, '2019-06-17 11:15:39', '2019-07-18', '2019-06-24', 'INATIVA'),
	(7265, 40157, 9, '2019-06-17 17:32:39', '2020-01-06', NULL, 'CANCELADA'),
	(7267, 40156, 18, '2019-06-18 08:15:24', '2019-07-02', '2019-06-25', 'INATIVA'),
	(7266, 40104, 49, '2019-06-18 14:09:56', '2019-07-02', '2019-06-22', 'INATIVA'),
	(7268, 40114, 48, '2019-06-19 13:22:22', '2020-01-06', '2019-07-12', 'INATIVA'),
	(7269, 40104, 35, '2019-06-19 13:54:12', '2020-01-06', NULL, 'CANCELADA'),
	(7271, 40111, 9, '2019-06-20 10:24:36', '2019-08-19', NULL, 'CANCELADA'),
	(7270, 40121, 12, '2019-06-20 17:57:56', '2019-07-20', 'ATIVA'),
	(7272, 40152, 14, '2019-06-21 10:56:57', '2019-07-05', '25/06/2019', 'INATIVA'),
	(7274, 40123, 45, '2019-06-24 12:07:54', '2019-07-08', '25/06/2019', 'INATIVA'),
	(7273, 40111, 50, '2019-06-24 17:01:17', '2019-07-08', '05/07/2019', 'INATIVA'),
	(7275, 40147, 32, '2019-06-25 18:06:37', '2019-07-09', '2019-07-06', 'INATIVA'),
	(7279, 40148, 36, '2019-06-26 09:31:46', '2020-01-06', '2019-07-26', 'INATIVA'),
	(7278, 40146, 5, '2019-06-26 10:31:02', '2019-07-10', '29/06/2019', 'INATIVA'),
	(7277, 40111, 25, '2019-06-26 13:55:20', '2019-07-10', '2019-08-28', 'INATIVA'),
	(7276, 40135, 50, '2019-06-26 14:54:23', '2019-07-19', '20/07/2019', 'INATIVA'),
	(7280, 40124, 12, '2019-06-27 18:10:00', '2019-08-03', 'ATIVA'),
	(7282, 40145, 24, '2019-06-28 12:48:06', '2019-08-03', '2019-07-27', 'INATIVA'),
	(7281, 40154, 48, '2019-06-28 14:06:07', '2019-07-26', '16/07/2019', 'INATIVA'),
	(7284, 40157, 49, '2019-08-02 09:55:27', '2019-08-16', '09/08/2019', 'INATIVA'),
	(7283, 40112, 34, '2019-08-02 14:16:49', '2019-08-16', '2019-08-13', 'INATIVA'),
	(7285, 40141, 24, '2019-08-05 11:03:33', '2019-08-19', '08/09/2019', 'INATIVA'),
	(7288, 40143, 7, '2019-08-09 10:23:41', '2019-08-23', '26/08/2019', 'INATIVA'),
	(7286, 40105, 38, '2019-08-09 12:04:51', '2019-08-23', '2019-09-11', 'INATIVA'),
	(7287, 40101, 24, '2019-08-09 14:41:55', '2019-09-22', '2019-09-30', 'INATIVA'),
	(7290, 40157, 26, '2019-08-12 11:59:11', '2019-10-04', '2019-08-22', 'INATIVA'),
	(7289, 40142, 49, '2019-08-12 17:15:22', '2019-10-04', '2019-08-14', 'INATIVA'),
	(7291, 40113, 7, '2019-08-13 10:06:32', '2019-09-06', 'CANCELADA'),
	(7292, 40103, 34, '2019-08-14 10:55:07', '2019-08-28', '2019-08-17', 'INATIVA'),
	(7293, 40148, 10, '2019-08-14 18:27:24', '2019-08-28', '2019-08-26', 'INATIVA'),
	(7294, 40102, 16, '2019-08-16 15:36:18', '2019-08-30', '2019-08-22', 'INATIVA'),
	(7295, 40134, 26, '2019-08-19 12:44:19', '2019-09-05', '2019-08-24', 'INATIVA'),
	(7296, 40123, 47, '2019-08-20 08:35:51', '2019-09-03', '2019-08-26', 'INATIVA'),
	(7297, 40147, 5, '2019-08-20 17:44:36', '2019-09-03', '2019-08-21', 'INATIVA'),
	(7298, 40105, 50, '2019-08-20 18:53:06', '2019-09-03', '2019-08-27', 'INATIVA'),
	(7301, 40141, 47, '2019-08-21 09:13:53', '2019-09-09', '2019-09-08', 'INATIVA'),
	(7303, 40125, 15, '2019-08-21 12:04:25', '2020-02-14', 'CANCELADA'),
	(7299, 40151, 35, '2019-08-21 12:21:14', '2020-02-14', 'CANCELADA'),
	(7300, 40141, 49, '2019-08-21 17:22:47', '2020-02-14', 'CANCELADA'),
	(7302, 40134, 35, '2019-08-21 18:19:41', '2020-02-28', 'CANCELADA'),
	(7305, 40103, 36, '2019-08-22 10:32:04', '2019-09-05', '09/09/2019', 'INATIVA'),
	(7306, 40158, 18, '2019-08-22 11:14:56', '2019-09-05', 'ATIVA'),
	(7304, 40154, 12, '2019-08-22 15:28:58', '2019-09-05', 'ATIVA'),
	(7307, 40145, 26, '2019-08-23 14:35:15', '2019-09-07', '2019-08-27', 'INATIVA'),
	(7308, 40101, 24, '2019-08-27 09:26:12', '2019-10-06', 'CANCELADA'),
	(7309, 40149, 9, '2019-08-28 11:35:05', '2019-09-11', '06/09/2019', 'INATIVA'),
	(7310, 40148, 17, '2019-08-28 16:23:55', '2019-09-11', '2019-09-01', 'INATIVA'),
	(7313, 40105, 17, '2019-08-29 08:17:53', '2019-09-15', '2019-09-07', 'INATIVA'),
	(7311, 40125, 10, '2019-08-29 11:52:33', '2019-09-12', '2019-09-07', 'INATIVA'),
	(7312, 40125, 10, '2019-08-29 12:35:29', '2019-09-21', '2019-09-25', 'INATIVA'),
	(7314, 40148, 18, '2019-08-30 08:22:56', '2019-09-19', 'ATIVA'),
	(7315, 40112, 13, '2019-08-30 14:38:15', '2019-09-13', '2019-09-01', 'INATIVA'),
	(7316, 40147, 50, '2019-09-02 08:45:27', '2019-10-06', '2019-09-04', 'INATIVA'),
	(7317, 40155, 24, '2019-09-03 09:50:54', '2019-10-20', 'CANCELADA'),
	(7318, 40134, 18, '2019-09-03 11:23:29', '2019-09-28', 'ATIVA'),
	(7319, 40101, 45, '2019-09-03 16:41:38', '2019-09-17', '10/09/2019', 'INATIVA'),
	(7320, 40144, 18, '2019-09-04 12:58:10', '2019-10-17', 'ATIVA'),
	(7322, 40143, 45, '2019-09-04 13:44:08', '2019-09-24', 'CANCELADA'),
	(7321, 40143, 25, '2019-09-04 18:40:07', '2020-02-28', '2019-09-12', 'INATIVA'),
	(7323, 40141, 34, '2019-09-05 14:50:06', '2019-09-19', '14/09/2019', 'INATIVA'),
	(7324, 40151, 9, '2019-09-05 16:21:10', '2019-09-20', 'CANCELADA'),
	(7325, 40121, 25, '2019-09-06 10:31:22', '2019-09-26', '2019-09-28', 'INATIVA'),
	(7326, 40121, 10, '2019-09-09 18:26:57', '2019-10-09', '02/10/2019', 'INATIVA'),
	(7329, 40147, 25, '2019-09-10 11:53:52', '2019-10-12', 'CANCELADA'),
	(7328, 40104, 15, '2019-09-10 16:13:46', '2019-09-24', '2019-09-25', 'INATIVA'),
	(7327, 40131, 34, '2019-09-10 16:36:35', '2019-09-28', '2019-10-08', 'INATIVA'),
	(7330, 40124, 39, '2019-09-11 09:22:26', '2019-09-25', '2019-09-16', 'INATIVA'),
	(7333, 40105, 18, '2019-09-13 08:00:14', '2019-10-31', 'ATIVA'),
	(7331, 40105, 24, '2019-09-13 10:57:19', '2019-11-07', 'CANCELADA'),
	(7332, 40114, 45, '2019-09-13 16:58:35', '2019-10-09', 'CANCELADA'),
	(7334, 40142, 20, '2019-09-16 08:33:44', '2019-09-30', '2019-12-23', 'INATIVA'),
	(7336, 40104, 16, '2019-09-17 13:39:15', '2019-10-01', '2019-11-14', 'INATIVA'),
	(7335, 40142, 34, '2019-09-17 18:26:30', '2019-10-12', 'CANCELADA'),
	(7338, 40156, 9, '2019-09-18 09:00:01', '2019-10-02', '2019-10-01', 'INATIVA'),
	(7337, 40154, 17, '2019-09-18 11:50:04', '2019-10-02', '28/09/2019', 'INATIVA'),
	(7340, 40152, 15, '2019-09-20 12:22:34', '2019-10-09', 'ATIVA'),
	(7339, 40155, 26, '2019-09-20 12:42:19', '2019-10-04', '2019-09-25', 'INATIVA'),
	(7341, 40124, 7, '2019-09-20 18:13:00', '2019-10-04', '27/09/2019', 'INATIVA'),
	(7342, 40101, 35, '2019-09-23 15:39:15', '2020-03-13', 'CANCELADA'),
	(7344, 40142, 18, '2019-09-25 08:25:08', '2019-11-14', 'ATIVA'),
	(7343, 40103, 25, '2019-09-25 12:54:37', '2019-10-26', 'CANCELADA'),
	(7345, 40131, 26, '2019-09-25 13:49:18', '2019-10-09', '2019-10-09', 'INATIVA'),
	(7346, 40105, 16, '2019-09-26 17:55:20', '2019-12-10', '19/11/2019', 'INATIVA'),
	(7347, 40102, 33, '2019-09-27 10:45:01', '2019-10-11', '2019-12-02', 'INATIVA'),
	(7348, 40122, 51, '2019-09-30 14:49:51', '2019-10-14', '2019-10-06', 'INATIVA'),
	(7349, 40122, 50, '2019-10-01 17:01:09', '2019-12-10', '2019-10-11', 'INATIVA'),
	(7350, 40142, 24, '2019-10-01 18:34:04', '2019-12-10', '2019-10-11', 'INATIVA'),
	(7351, 40155, 26, '2019-10-02 09:10:23', '2019-10-23', 'CANCELADA'),
	(7352, 40131, 17, '2019-10-03 14:06:13', '2019-10-17', '25/10/2019', 'INATIVA'),
	(7353, 40135, 51, '2019-10-03 17:14:33', '2019-10-20', '24/10/2019', 'INATIVA'),
	(7354, 40114, 16, '2019-10-04 15:22:57', '2019-10-20', '2019-11-22', 'INATIVA'),
	(7355, 40157, 11, '2019-10-08 14:33:41', '2019-10-22', '2019-10-16', 'INATIVA'),
	(7356, 40123, 26, '2019-10-08 17:50:38', '2019-11-01', 'CANCELADA'),
	(7357, 40156, 38, '2019-10-09 11:14:44', '2019-10-23', '2019-10-18', 'INATIVA'),
	(7361, 40155, 16, '2019-10-10 11:13:55', '2020-02-28', '2019-11-24', 'INATIVA'),
	(7358, 40101, 9, '2019-10-10 17:16:41', '2019-10-24', '15/11/2019', 'INATIVA'),
	(7359, 40146, 38, '2019-10-10 18:08:11', '2019-11-01', '2019-10-29', 'INATIVA'),
	(7360, 40123, 9, '2019-10-10 18:25:22', '2019-11-07', 'CANCELADA'),
	(7363, 40105, 18, '2019-10-11 09:41:37', '2019-12-10', 'ATIVA'),
	(7365, 40121, 39, '2019-10-11 12:24:28', '2019-10-25', '2019-10-25', 'INATIVA'),
	(7362, 40152, 38, '2019-10-11 13:01:20', '2020-02-28', '2019-11-14', 'INATIVA'),
	(7364, 40134, 34, '2019-10-11 14:55:09', '2019-10-25', 'CANCELADA'),
	(7366, 40113, 50, '2019-10-14 09:09:37', '2019-10-28', '2019-10-16', 'INATIVA'),
	(7368, 40113, 26, '2019-10-15 09:07:14', '2019-10-20', '2019-10-18', 'INATIVA'),
	(7367, 40151, 24, '2019-10-15 10:15:58', '2019-10-20', '2019-10-19', 'INATIVA'),
	(7369, 40104, 50, '2019-10-16 08:43:01', '2019-10-30', '2019-10-29', 'INATIVA'),
	(7370, 40134, 9, '2019-10-16 11:32:48', '2019-11-21', 'CANCELADA'),
	(7372, 40145, 45, '2019-10-16 15:15:25', '2019-10-30', '2019-11-05', 'INATIVA'),
	(7371, 40105, 15, '2019-10-16 17:01:03', '2019-10-30', 'ATIVA'),
	(7374, 40148, 51, '2019-10-17 09:53:22', '2019-11-07', '2019-11-05', 'INATIVA'),
	(7373, 40145, 15, '2019-10-17 14:58:33', '2020-02-28', 'ATIVA'),
	(7375, 40154, 36, '2019-10-18 13:39:23', '2019-11-01', '26/10/2019', 'INATIVA'),
	(7376, 40134, 15, '2019-10-21 09:33:50', '2019-11-27', 'ATIVA'),
	(7377, 40148, 50, '2019-10-21 09:35:09', '2020-02-28', '12/11/2019', 'INATIVA'),
	(7378, 40114, 18, '2019-10-21 12:47:01', '2019-10-20', 'ATIVA'),
	(7379, 40143, 26, '2019-10-22 08:35:48', '2019-11-05', '2019-10-26', 'INATIVA'),
	(7381, 40142, 9, '2019-10-22 11:15:26', '2019-12-05', 'CANCELADA'),
	(7380, 40148, 51, '2019-10-22 13:15:15', '2019-11-21', '2019-11-11', 'INATIVA'),
	(7382, 40105, 24, '2019-10-23 13:42:13', '2019-11-06', '2019-10-25', 'INATIVA'),
	(7383, 40111, 10, '2019-10-24 08:18:15', '2019-11-07', '2019-11-09', 'INATIVA'),
	(7384, 40124, 24, '2019-10-24 15:01:04', '2019-11-08', '2019-11-02', 'INATIVA'),
	(7385, 40123, 27, '2019-10-28 14:50:02', '2019-11-11', 'CANCELADA'),
	(7387, 40121, 36, '2019-10-29 12:20:18', '2020-02-28', 'CANCELADA'),
	(7386, 40141, 17, '2019-10-29 14:34:26', '2020-02-28', '04/11/2019', 'INATIVA'),
	(7389, 40143, 32, '2019-10-30 10:15:17', '2019-11-13', '13/11/2019', 'INATIVA'),
	(7388, 40142, 14, '2019-10-30 15:50:32', '2019-11-13', '2019-11-04', 'INATIVA'),
	(7390, 40135, 16, '2019-10-31 12:27:00', '2019-12-10', '2019-12-03', 'INATIVA'),
	(7391, 40148, 38, '2019-10-31 18:07:39', '2019-12-10', '2019-11-26', 'INATIVA'),
	(7392, 40105, 10, '2019-11-04 09:43:48', '2019-11-21', '2019-11-15', 'INATIVA'),
	(7394, 40155, 33, '2019-11-04 11:50:30', '2020-01-09', '2019-12-19', 'INATIVA'),
	(7393, 40101, 47, '2019-11-04 16:28:45', '2020-01-09', '16/11/2019', 'INATIVA'),
	(7395, 40153, 17, '2019-11-05 14:54:04', '2019-11-21', '2019-11-19', 'INATIVA'),
	(7396, 40111, 14, '2019-11-05 15:51:59', '2019-11-21', '11/11/2019', 'INATIVA'),
	(7397, 40149, 33, '2019-11-06 08:55:43', '2020-01-02', 'ATIVA'),
	(7398, 40115, 39, '2019-11-06 12:34:39', '2019-11-20', '2019-11-08', 'INATIVA'),
	(7399, 40158, 17, '2019-11-08 08:50:01', '2019-12-01', '2019-11-20', 'INATIVA'),
	(7400, 40112, 51, '2019-11-11 08:22:16', '2019-11-25', '2023-02-16', 'INATIVA'),
	(7401, 40135, 13, '2019-11-11 15:24:48', '2019-11-25', '2019-11-16', 'INATIVA'),
	(7402, 40114, 51, '2019-11-11 18:40:24', '2023-02-21', '2023-02-23', 'INATIVA'),
	(7404, 40147, 13, '2019-11-13 08:03:17', '2023-02-21', '2019-12-01', 'INATIVA'),
	(7403, 40148, 45, '2019-11-13 10:33:08', '2019-11-27', 'CANCELADA'),
	(7406, 40105, 39, '2019-11-14 08:45:04', '2019-11-28', '29/11/2019', 'INATIVA'),
	(7405, 40153, 38, '2019-11-14 08:54:34', '2020-01-11', '2019-12-10', 'INATIVA'),
	(7407, 40111, 13, '2019-11-15 08:26:36', '2019-12-15', '12/12/2019', 'INATIVA'),
	(7409, 40125, 20, '2019-11-15 14:08:59', '2020-03-06', 'ATIVA'),
	(7408, 40143, 20, '2019-11-15 18:21:33', '2020-02-21', 'ATIVA'),
	(7412, 40146, 32, '2019-11-18 09:15:01', '2020-01-02', '01/12/2019', 'INATIVA'),
	(7410, 40154, 49, '2019-11-18 14:34:47', '2020-01-02', '2019-12-04', 'INATIVA'),
	(7411, 40112, 35, '2019-11-18 16:06:33', '2020-01-02', '2019-11-21', 'INATIVA'),
	(7413, 40105, 33, '2019-11-19 18:54:31', '2019-11-27', 'ATIVA'),
	(7417, 40115, 20, '2019-11-20 11:50:41', '2020-02-28', 'ATIVA'),
	(7414, 40113, 13, '2019-11-20 12:27:02', '2019-12-26', '2022-10-03', 'INATIVA'),
	(7415, 40104, 39, '2019-11-20 17:44:55', '2019-12-12', 'CANCELADA'),
	(7416, 40125, 49, '2019-11-20 18:29:36', '2019-11-27', '2019-12-13', 'INATIVA'),
	(7418, 40125, 51, '2019-11-21 12:04:58', '2019-12-15', 'CANCELADA'),
	(7419, 40102, 47, '2019-11-21 12:12:58', '2019-12-05', '2019-11-30', 'INATIVA'),
	(7421, 40105, 49, '2019-11-22 09:59:26', '2020-02-28', '2019-12-26', 'INATIVA'),
	(7420, 40131, 48, '2019-11-22 11:28:49', '2020-02-28', '2019-12-02', 'INATIVA'),
	(7424, 40102, 15, '2019-11-25 14:46:16', '2019-12-20', 'ATIVA'),
	(7422, 40102, 20, '2019-11-25 15:10:04', '2020-04-03', 'ATIVA'),
	(7423, 40141, 35, '2019-11-25 16:41:44', '2019-12-09', '2019-12-06', 'INATIVA'),
	(7425, 40149, 49, '2019-11-26 10:57:42', '2019-09-16', 'ATIVA'),
	(7426, 40152, 20, '2019-11-27 15:13:43', '2020-04-17', 'ATIVA'),
	(7427, 40145, 25, '2019-11-27 17:00:44', '2019-12-11', '2019-12-23', 'INATIVA'),
	(7428, 40135, 47, '2019-11-28 16:21:13', '2019-12-15', '2019-12-14', 'INATIVA'),
	(7429, 40134, 10, '2019-11-28 17:34:51', '2019-12-12', '2019-12-05', 'INATIVA'),
	(7430, 40122, 33, '2019-11-29 15:48:05', '2020-02-28', 'ATIVA'),
	(7431, 40157, 45, '2022-04-29 16:37:48', '2022-05-13', '2022-05-09', 'INATIVA'),
	(7432, 40134, 46, '2022-06-03 10:32:27', '2022-06-17', '2022-06-13', 'INATIVA'),
	(7433, 40158, 4, '2022-06-06 13:59:43', '2022-06-20', 'CANCELADA'),
	(7434, 40101, 36, '2022-08-08 12:35:09', '2022-08-22', '2022-08-13', 'INATIVA'),
	(7435, 40147, 4, '2022-08-23 18:57:00', '2022-09-06', '2022-09-02', 'INATIVA'),
	(7436, 40144, 10, '2022-08-30 12:41:21', '2022-09-13', '2022-09-10', 'INATIVA'),
	(7437, 40115, 16, '2022-08-31 10:03:33', '2022-09-14', '2022-09-15', 'INATIVA'),
	(7438, 40124, 50, '2022-09-01 09:21:32', '2022-09-15', '2022-09-07', 'INATIVA'),
	(7440, 40156, 10, '2022-09-07 13:06:33', '2022-09-24', '2022-09-27', 'INATIVA'),
	(7439, 40101, 40, '2022-09-07 16:07:02', '2022-09-21', '2022-09-20', 'INATIVA'),
	(7441, 40141, 24, '2022-09-22 10:23:56', '2022-10-06', '2022-09-28', 'INATIVA'),
	(7443, 40153, 10, '2022-09-26 13:28:29', '2022-10-13', '2022-10-02', 'INATIVA'),
	(7444, 40103, 24, '2022-09-26 14:43:52', '2022-10-12', '2022-10-09', 'INATIVA'),
	(7442, 40153, 39, '2022-09-26 17:10:17', '2022-10-13', 'CANCELADA'),
	(7446, 40144, 24, '2022-09-27 12:28:57', '2022-10-23', '2022-10-10', 'INATIVA'),
	(7445, 40134, 21, '2022-09-27 15:26:34', '2022-10-11', '2022-10-02', 'INATIVA'),
	(7447, 40114, 24, '2022-10-03 13:09:11', '2022-10-24', '2022-11-02', 'INATIVA'),
	(7448, 40123, 44, '2022-10-13 16:19:52', '2022-10-27', '2022-10-14', 'INATIVA'),
	(7449, 40102, 31, '2022-10-19 16:57:06', '2022-11-02', NULL, 'CANCELADA'),
	(7450, 40148, 44, '2022-10-20 18:16:09', '2022-11-03', '2022-10-31', 'INATIVA'),
	(7451, 40123, 38, '2022-11-08 10:32:58', '2022-11-22', '2022-11-25', 'INATIVA'),
	(7452, 40158, 39, '2022-11-10 11:59:28', '2022-11-24', '2022-11-15', 'INATIVA'),
	(7453, 40153, 39, '2022-11-11 12:19:35', '2022-11-29', '2023-02-08', 'INATIVA'),
	(7454, 40149, 26, '2023-02-03 10:03:44', '2023-02-17', NULL, 'ATIVA'),
	(7455, 40135, 34, '2023-02-06 15:55:01', '2023-02-20', '2023-02-26', 'INATIVA'),
	(7456, 40131, 37, '2023-02-07 10:24:35', '2023-02-21', '2023-02-24', 'INATIVA'),
	(7457, 40154, 30, '2023-02-09 10:10:47', '2023-02-23', '2023-02-26', 'INATIVA'),
	(7458, 40144, 31, '2023-02-09 15:41:30', '2023-02-23', '2023-04-04', 'INATIVA'),
	(7459, 40115, 42, '2023-02-14 11:25:05', '2023-02-28', '2023-03-01', 'INATIVA'),
	(7461, 40143, 51, '2023-02-16 16:02:13', '2023-03-12', '2023-03-08', 'INATIVA'),
	(7460, 40149, 42, '2023-02-16 16:53:15', '2023-03-15', '10/03/2023', 'INATIVA'),
	(7462, 40156, 26, '2023-02-22 12:46:23', '2023-03-15', NULL, 'ATIVA'),
	(7463, 40135, 34, '2023-02-22 12:53:37', '2023-03-15', '2023-03-09', 'INATIVA'),
	(7464, 40125, 30, '2023-02-22 12:54:15', '2023-03-12', '2023-03-20', 'INATIVA'),
	(7467, 40154, 27, '2023-02-23 08:29:37', '2023-03-12', '2023-03-22', 'INATIVA'),
	(7468, 40122, 51, '2023-02-23 11:19:43', '2023-03-19', '2023-03-22', 'INATIVA'),
	(7465, 40124, 39, '2023-02-23 12:59:14', '2023-03-12', '2023-02-24', 'INATIVA'),
	(7466, 40141, 26, '2023-02-23 18:57:54', '2023-03-22', NULL, 'ATIVA'),
	(7469, 40152, 42, '2023-02-28 13:00:32', '2023-03-24', '2023-03-24', 'INATIVA'),
	(7470, 40134, 26, '2023-02-28 13:12:10', '2023-04-05', NULL, 'ATIVA'),
	(7471, 40102, 19, '2023-03-06 10:57:01', '2023-03-20', '2023-03-22', 'INATIVA'),
	(7472, 40123, 19, '2023-03-08 10:33:09', '2023-04-03', NULL, 'CANCELADA'),
	(7473, 40151, 34, '2023-03-09 18:23:49', '2023-03-23', '2023-03-16', 'INATIVA'),
	(7474, 40102, 42, '2023-03-13 17:51:03', '2023-04-07', '2023-04-01', 'INATIVA'),
	(7475, 40142, 32, '2023-03-14 15:54:42', '2023-03-28', '2023-06-08', 'INATIVA'),
	(7476, 40104, 28, '2023-03-17 17:30:59', '2023-03-31', '2023-03-26', 'INATIVA'),
	(7477, 40124, 11, '2023-03-22 16:24:24', '2023-04-05', NULL, 'CANCELADA'),
	(7478, 40152, 39, '2023-03-23 13:49:20', '2023-04-06', '2023-04-01', 'INATIVA'),
	(7480, 40155, 30, '2023-03-24 09:06:43', '2023-04-07', '2023-04-14', 'INATIVA'),
	(7479, 40153, 46, '2023-03-24 17:27:57', '2023-04-07', '2023-04-12', 'INATIVA'),
	(7481, 40125, 13, '2023-03-27 10:18:48', '2023-04-10', '2023-04-07', 'INATIVA'),
	(7482, 40103, 16, '2023-03-27 11:45:00', '2023-04-10', '2023-04-06', 'INATIVA'),
	(7483, 40151, 26, '2023-03-28 12:58:53', '2023-04-19', NULL, 'ATIVA'),
	(7484, 40125, 19, '2023-03-28 14:06:41', '2023-04-11', '2023-04-04', 'INATIVA'),
	(7485, 40124, 19, '2023-03-30 13:25:24', '2023-04-18', '2023-05-05', 'INATIVA'),
	(7486, 40125, 5, '2023-03-30 15:18:12', '2023-04-13', NULL, 'CANCELADA'),
	(7487, 40157, 37, '2023-03-31 09:48:46', '2023-04-14', '2023-04-03', 'INATIVA'),
	(7488, 40131, 29, '2023-04-03 17:34:22', '2023-04-17', '2023-04-06', 'INATIVA'),
	(7489, 40121, 40, '2023-04-07 10:50:05', '2023-04-21', '2023-05-03', 'INATIVA'),
	(7490, 40124, 47, '2023-04-07 14:06:09', '2023-04-21', '2023-04-20', 'INATIVA'),
	(7491, 40101, 44, '2023-04-10 10:05:43', '2023-04-24', '2023-04-14', 'INATIVA'),
	(7492, 40124, 46, '2023-04-11 09:16:42', '2023-04-30', '2023-04-30', 'INATIVA'),
	(7493, 40102, 7, '2023-04-13 13:28:51', '2023-04-27', '2023-04-28', 'INATIVA'),
	(7494, 40151, 13, '2023-04-14 15:22:31', '2023-04-28', '2023-04-25', 'INATIVA'),
	(7496, 40114, 6, '2023-04-17 13:36:22', '2023-05-01', '2023-04-25', 'INATIVA'),
	(7495, 40135, 30, '2023-04-17 17:28:45', '2023-05-01', '01/05/2023', 'INATIVA'),
	(7497, 40104, 26, '2023-04-18 11:17:27', '2023-05-03', NULL, 'ATIVA'),
	(7499, 40146, 7, '2023-04-26 08:31:24', '2023-05-26', '2023-05-13', 'INATIVA'),
	(7498, 40157, 7, '2023-04-26 11:50:48', '2023-04-29', '30/05/2023', 'INATIVA'),
	(7500, 40155, 21, '2023-04-27 11:31:17', '2023-04-29', '15/05/2023', 'INATIVA'),
	(7501, 40124, 43, '2023-05-01 10:08:19', '2023-05-15', '2023-05-02', 'INATIVA'),
	(7502, 40123, 6, '2023-05-02 11:25:22', '2023-05-16', '2023-05-12', 'INATIVA'),
	(7503, 40158, 26, '2023-05-02 17:32:21', '2023-05-17', NULL, 'ATIVA'),
	(7504, 40135, 28, '2023-05-03 10:40:22', '2023-05-17', '2023-05-04', 'INATIVA'),
	(7506, 40141, 46, '2023-05-05 12:06:07', '2023-05-19', '2023-05-11', 'INATIVA'),
	(7507, 40158, 40, '2023-05-05 16:37:31', '2023-05-19', '2023-05-08', 'INATIVA'),
	(7505, 40155, 30, '2023-05-05 17:00:11', '2023-05-19', '2023-05-15', 'INATIVA'),
	(7508, 40122, 10, '2023-05-12 11:42:17', '2023-05-26', '2023-05-14', 'INATIVA'),
	(7509, 40122, 36, '2023-05-12 14:55:21', '2023-05-26', '2023-05-15', 'INATIVA'),
	(7510, 40143, 21, '2023-05-19 14:15:35', '2023-06-02', '2023-05-24', 'INATIVA'),
	(7511, 40105, 30, '2023-05-19 17:48:48', '2023-06-02', '2023-05-25', 'INATIVA'),
	(7513, 40131, 2, '2023-05-26 09:21:09', '2023-06-23', '01/06/2023', 'INATIVA'),
	(7512, 40154, 2, '2023-05-26 12:47:03', '2023-05-18', '05/06/2023', 'INATIVA'),
	(7514, 40149, 38, '2023-06-02 08:00:13', '2023-06-16', '2023-08-15', 'INATIVA'),
	(7515, 40103, 7, '2023-06-05 14:54:36', '2023-06-19', '2023-06-10', 'INATIVA'),
	(7516, 40157, 51, '2023-06-08 13:35:22', '2023-06-22', '2023-08-22', 'INATIVA'),
	(7517, 40122, 48, '2023-06-09 14:49:42', '2023-06-23', '2023-06-10', 'INATIVA'),
	(7519, 40104, 28, '2023-06-09 16:46:03', '2023-06-23', '2023-06-30', 'INATIVA'),
	(7518, 40101, 27, '2023-06-09 17:15:33', '2023-06-23', '2023-06-26', 'INATIVA'),
	(7520, 40134, 32, '2023-06-12 10:03:34', '2023-06-26', '2023-08-14', 'INATIVA'),
	(7521, 40154, 30, '2023-06-13 15:35:22', '2023-06-27', '2023-08-17', 'INATIVA'),
	(7522, 40102, 38, '2023-06-13 17:23:54', '2023-06-30', NULL, 'CANCELADA'),
	(7523, 40146, 47, '2023-06-26 15:12:02', '2023-07-10', '2023-07-26', 'INATIVA'),
	(7524, 40124, 8, '2023-06-27 14:28:06', '2023-07-11', '2023-06-29', 'INATIVA'),
	(7525, 40105, 27, '2023-06-27 14:44:07', '2023-07-11', '2023-07-13', 'INATIVA'),
	(7526, 40121, 48, '2023-06-30 09:01:50', '2023-07-14', '2023-07-08', 'INATIVA'),
	(7527, 40147, 7, '2023-08-04 12:35:10', '2023-08-18', '2023-08-05', 'INATIVA'),
	(7528, 40148, 31, '2023-08-04 17:15:17', '2023-08-18', '2023-08-20', 'INATIVA'),
	(7529, 40123, 13, '2023-08-07 17:48:31', '2023-08-21', '2023-10-09', 'INATIVA'),
	(7530, 40143, 22, '2023-08-09 12:57:44', '2023-08-23', '2023-08-23', 'INATIVA'),
	(7531, 40134, 4, '2023-08-09 16:45:58', '2023-08-23', '2023-09-02', 'INATIVA'),
	(7533, 40153, 4, '2023-08-10 11:32:30', '2023-09-16', '2023-09-16', 'INATIVA'),
	(7532, 40113, 2, '2023-08-10 13:15:00', '2023-08-24', '2023-08-22', 'INATIVA'),
	(7534, 40101, 6, '2023-08-14 16:03:54', '2023-08-28', '22/08/2023', 'INATIVA'),
	(7537, 40114, 22, '2023-08-16 09:49:41', '2023-09-16', '2023-09-07', 'INATIVA'),
	(7535, 40152, 7, '2023-08-16 14:33:15', '2023-08-30', '2023-08-19', 'INATIVA'),
	(7536, 40156, 32, '2023-08-16 17:02:35', '2023-08-30', '2023-09-02', 'INATIVA'),
	(7539, 40134, 32, '2023-08-18 17:52:08', '2023-09-16', '2023-10-02', 'INATIVA'),
	(7538, 40103, 46, '2023-08-18 18:22:41', '2023-09-01', '2023-08-22', 'INATIVA'),
	(7540, 40146, 24, '2023-08-22 13:10:42', '2023-09-05', '2023-09-07', 'INATIVA'),
	(7541, 40124, 32, '2023-08-22 15:17:42', '2023-09-30', NULL, 'CANCELADA'),
	(7543, 40124, 9, '2023-08-23 09:16:01', '2023-09-16', '2023-08-28', 'INATIVA'),
	(7542, 40153, 50, '2023-08-23 09:34:59', '2023-09-16', '2023-10-19', 'INATIVA'),
	(7544, 40112, 46, '2023-08-25 09:26:56', '2023-09-08', '07/10/2023', 'INATIVA'),
	(7545, 40111, 5, '2023-08-25 10:41:30', '2023-09-08', '2023-09-04', 'INATIVA'),
	(7547, 40131, 37, '2023-08-29 14:45:27', '2023-09-12', '2023-09-07', 'INATIVA'),
	(7546, 40114, 32, '2023-08-29 18:30:41', '2023-10-14', 'CANCELADA'),
	(7549, 40134, 46, '2023-08-30 11:52:53', '2023-10-17', '06/11/2023', 'INATIVA'),
	(7548, 40122, 5, '2023-08-30 18:24:07', '2023-10-17', '2023-09-18', 'INATIVA'),
	(7550, 40154, 43, '2023-09-04 12:26:57', '2023-10-17', '2023-10-04', 'INATIVA'),
	(7551, 40123, 9, '2023-09-05 15:22:08', '2023-09-19', '2023-09-06', 'INATIVA'),
	(7552, 40148, 7, '2023-09-05 17:11:23', '2023-09-19', '2023-09-13', 'INATIVA'),
	(7553, 40151, 5, '2023-09-06 08:14:42', '2023-11-20', NULL, 'CANCELADA'),
	(7554, 40155, 9, '2023-09-07 09:41:12', '2023-09-21', '2023-09-13', 'INATIVA'),
	(7555, 40145, 21, '2023-09-07 10:14:59', '2023-09-21', '2023-09-09', 'INATIVA'),
	(7556, 40101, 31, '2023-09-07 18:02:06', '2023-09-21', '2023-09-16', 'INATIVA'),
	(7557, 40115, 2, '2023-09-08 15:11:09', '2023-09-22', '21/09/2023', 'INATIVA'),
	(7558, 40154, 48, '2023-09-08 18:14:05', '2023-09-22', '2023-09-09', 'INATIVA'),
	(7559, 40147, 37, '2023-09-11 09:25:17', '2023-09-25', '2023-09-15', 'INATIVA'),
	(7560, 40142, 48, '2023-09-12 14:03:26', '2023-09-26', '2023-09-17', 'INATIVA'),
	(7561, 40131, 21, '2023-09-12 17:52:37', '2023-09-26', '04/10/2023', 'INATIVA'),
	(7563, 40157, 46, '2023-09-13 09:26:56', '2023-11-20', NULL, 'CANCELADA'),
	(7562, 40147, 50, '2023-09-13 15:38:06', '2023-09-30', NULL, 'CANCELADA'),
	(7564, 40121, 27, '2023-09-14 08:01:48', '2023-10-18', '2023-09-21', 'INATIVA'),
	(7565, 40123, 6, '2023-09-14 10:50:27', '2023-10-18', NULL, 'CANCELADA'),
	(7566, 40149, 46, '2023-09-15 10:50:52', '2023-10-18', 'ATIVA', NULL),
	(7568, 40105, 38, '2023-09-15 12:01:28', '2023-09-29', '17/10/2023', 'INATIVA'),
	(7567, 40142, 4, '2023-09-15 13:58:01', '2023-09-30', '2023-10-01', 'INATIVA'),
	(7569, 40149, 46, '2023-09-15 14:14:40', '2023-11-28', NULL, 'CANCELADA'),
	(7570, 40111, 31, '2023-09-19 13:00:36', '2023-10-03', '2023-11-22', 'INATIVA'),
	(7571, 40148, 37, '2023-09-21 09:16:44', '2023-10-05', '2023-09-26', 'INATIVA'),
	(7572, 40143, 10, '2023-09-22 12:24:24', '2023-10-06', '2023-09-26', 'INATIVA'),
	(7573, 40101, 46, '2023-09-22 18:28:57', '2023-12-06', NULL, 'CANCELADA'),
	(7574, 40156, 45, '2023-09-25 15:23:55', '2023-10-09', '09/10/2023', 'INATIVA'),
	(7576, 40145, 35, '2023-09-28 12:21:30', '2023-10-12', '03/10/2023', 'INATIVA'),
	(7575, 40141, 46, '2023-09-28 13:54:06', '2023-12-06', NULL, 'CANCELADA'),
	(7577, 40156, 2, '2023-09-28 18:45:12', '2023-10-12', '2023-10-14', 'INATIVA'),
	(7578, 40114, 30, '2023-09-29 15:11:19', '2023-10-13', '2023-10-13', 'INATIVA'),
	(7582, 40148, 11, '2023-10-02 09:16:57', '2023-10-18', '2023-10-29', 'INATIVA'),
	(7580, 40141, 37, '2023-10-02 09:44:48', '2023-11-28', '2023-10-12', 'INATIVA'),
	(7581, 40112, 45, '2023-10-02 12:16:04', '2023-10-23', '11/10/2023', 'INATIVA'),
	(7579, 40152, 37, '2023-10-02 14:11:09', '2023-10-18', '2023-10-28', 'INATIVA'),
	(7584, 40153, 30, '2023-10-03 13:25:38', '2023-10-27', '2023-10-28', 'INATIVA'),
	(7583, 40135, 45, '2023-10-03 18:03:17', '2023-10-25', '2023-10-15', 'INATIVA'),
	(7585, 40158, 45, '2023-10-05 09:32:54', '2023-10-29', 'ATIVA', NULL),
	(7586, 40143, 2, '2023-10-06 08:22:17', '2023-12-28', '2023-10-24', 'INATIVA'),
	(7588, 40144, 28, '2023-10-10 08:42:44', '2023-10-24', '2023-10-18', 'INATIVA'),
	(7587, 40105, 44, '2023-10-10 10:22:27', '2023-10-24', 'ATIVA', NULL),
	(7589, 40151, 29, '2023-10-11 15:26:06', '2023-10-25', '2023-10-28', 'INATIVA'),
	(7591, 40143, 44, '2023-10-12 10:21:51', '2023-12-06', NULL, 'CANCELADA'),
	(7590, 40156, 11, '2023-10-12 12:14:40', '2023-12-28', '2023-11-15', 'INATIVA'),
	(7592, 40101, 37, '2023-10-12 18:59:29', '2023-12-28', NULL, 'CANCELADA'),
	(7593, 40156, 22, '2023-10-13 11:29:51', '2023-10-27', '28/10/2023', 'INATIVA'),
	(7594, 40123, 11, '2023-10-13 18:53:34', '2023-11-04', '2023-11-21', 'INATIVA'),
	(7595, 40115, 30, '2023-10-16 13:14:59', '2023-11-12', '2023-11-10', 'INATIVA'),
	(7596, 40123, 2, '2023-10-17 09:22:36', '2023-12-06', '2023-11-07', 'INATIVA'),
	(7597, 40157, 30, '2023-10-17 14:16:38', '2023-11-23', '22/11/2023', 'INATIVA'),
	(7598, 40103, 37, '2023-10-19 18:35:42', '2023-12-06', NULL, 'CANCELADA'),
	(7599, 40142, 30, '2023-10-23 10:03:57', '2023-12-06', '2023-11-27', 'INATIVA'),
	(7600, 40152, 2, '2023-10-23 11:46:20', '2023-10-22', '2023-11-25', 'INATIVA'),
	(7602, 40103, 28, '2023-10-24 12:17:14', '2023-12-06', '2023-11-01', 'INATIVA'),
	(7601, 40124, 4, '2023-10-24 15:47:08', '2023-12-06', '2023-11-25', 'INATIVA'),
	(7603, 40112, 50, '2023-10-25 13:20:44', '2023-11-08', '2023-11-03', 'INATIVA'),
	(7604, 40158, 46, '2023-10-25 13:36:21', '2024-01-09', NULL, 'CANCELADA'),
	(7605, 40121, 22, '2023-10-26 10:50:50', '2023-11-12', '05/11/2023', 'INATIVA'),
	(7606, 40105, 24, '2023-10-26 17:42:48', '2023-11-04', '2023-10-27', 'INATIVA'),
	(7609, 40152, 2, '2023-10-27 08:05:40', '2023-12-06', 'ATIVA', NULL),
	(7607, 40135, 30, '2023-10-27 08:57:12', '2023-12-06', '14/12/2023', 'INATIVA'),
	(7608, 40114, 47, '2023-10-27 09:32:16', '2023-11-12', '2023-11-18', 'INATIVA'),
	(7610, 40113, 2, '2023-10-30 12:31:55', '2023-12-25', 'ATIVA', NULL),
	(7611, 40147, 30, '2023-10-30 17:17:06', '2024-01-12', '2023-12-24', 'INATIVA'),
	(7612, 40115, 10, '2023-10-30 18:55:01', '2023-11-13', '2023-11-08', 'INATIVA'),
	(7613, 40114, 11, '2023-10-31 13:04:51', '2023-12-17', NULL, 'CANCELADA'),
	(7615, 40105, 46, '2023-11-01 16:42:13', '2024-01-23', NULL, 'CANCELADA'),
	(7614, 40157, 42, '2023-11-01 17:26:42', '2023-11-15', '06/11/2023', 'INATIVA'),
	(7616, 40155, 13, '2023-11-02 13:05:37', '2023-11-16', '2023-11-08', 'INATIVA'),
	(7617, 40147, 14, '2023-11-03 08:21:29', '2023-11-17', '15/11/2023', 'INATIVA'),
	(7619, 40155, 42, '2023-11-03 12:20:11', '2023-11-20', '16/11/2023', 'INATIVA'),
	(7618, 40131, 29, '2023-11-03 15:33:48', '2023-11-17', NULL, 'CANCELADA'),
	(7621, 40105, 47, '2023-11-07 15:31:08', '2023-12-02', '2023-12-03', 'INATIVA'),
	(7620, 40122, 50, '2023-11-07 15:34:49', '2023-12-25', NULL, 'CANCELADA'),
	(7623, 40158, 23, '2023-11-08 15:15:52', '2023-11-22', '2023-11-09', 'INATIVA'),
	(7622, 40104, 39, '2023-11-08 15:55:05', '2023-11-22', '2023-11-25', 'INATIVA'),
	(7625, 40143, 51, '2023-11-09 11:27:52', '2023-11-23', '2023-11-23', 'INATIVA'),
	(7626, 40158, 4, '2023-11-09 18:09:25', '2023-12-06', '01/12/2023', 'INATIVA'),
	(7624, 40149, 47, '2023-11-09 18:58:51', '2023-11-04', 'ATIVA', NULL),
	(7628, 40158, 39, '2023-11-10 09:09:54', '2023-12-06', '2023-11-26', 'INATIVA'),
	(7627, 40135, 47, '2023-11-10 17:20:37', '2023-12-31', NULL, 'CANCELADA'),
	(7631, 40102, 39, '2023-11-13 09:03:09', '2023-12-06', '2023-12-06', 'INATIVA'),
	(7629, 40115, 19, '2023-11-13 15:43:08', '2023-12-06', '2023-11-17', 'INATIVA'),
	(7630, 40124, 51, '2023-11-13 15:52:23', '2023-12-06', '2023-12-03', 'INATIVA'),
	(7632, 40103, 16, '2023-11-14 14:21:16', '2023-11-28', '2023-11-22', 'INATIVA'),
	(7633, 40103, 1, '2023-11-14 15:38:08', '2023-11-28', 'ATIVA', NULL),
	(7634, 40122, 47, '2023-11-16 10:48:22', '2024-01-14', NULL, 'CANCELADA'),
	(7636, 40142, 42, '2023-11-17 08:41:57', '2023-12-01', '03/12/2023', 'INATIVA'),
	(7637, 40144, 16, '2023-11-17 15:46:31', '2023-12-06', '2023-12-06', 'INATIVA'),
	(7635, 40154, 17, '2023-11-17 16:51:35', '2023-12-01', '22/11/2023', 'INATIVA'),
	(7638, 40145, 16, '2023-11-20 09:21:34', '2023-12-06', '19/12/2023', 'INATIVA'),
	(7639, 40131, 10, '2023-11-20 11:37:45', '2023-12-04', '2023-11-23', 'INATIVA'),
	(7640, 40134, 11, '2023-11-21 10:33:32', '2023-12-31', NULL, 'CANCELADA'),
	(7641, 40115, 17, '2023-11-22 13:16:05', '2023-12-06', '2023-12-02', 'INATIVA'),
	(7642, 40103, 14, '2023-11-22 16:26:30', '2023-12-06', '2023-11-24', 'INATIVA'),
	(7644, 40124, 11, '2023-11-24 08:39:16', '2024-01-14', NULL, 'CANCELADA'),
	(7643, 40121, 29, '2023-11-24 12:33:44', '2023-12-08', '2023-12-10', 'INATIVA'),
	(7646, 40141, 14, '2023-11-27 13:35:20', '2023-12-11', '2023-12-09', 'INATIVA'),
	(7645, 40155, 31, '2023-11-27 17:20:16', '2023-12-11', '02/12/2023', 'INATIVA'),
	(7647, 40156, 30, '2023-11-27 18:29', '07/01/2024', 'ATIVA', NULL),
	(7648, 40112, 2, '28/11/2023 10:39', '08/01/2024', 'ATIVA', NULL),
	(7650, 40147, 38, '29/11/2023 11:29', '13/12/2023', '06/12/2023', 'INATIVA'),
	(7649, 40121, 35, '29/11/2023 12:32', '13/12/2023', NULL, 'CANCELADA'),
	(7651, 40102, 47, '30/11/2023 09:46', '28/01/2024', NULL, 'CANCELADA'),
	(7653, 40111, 30, '30/11/2023 11:29', '21/01/2024', 'ATIVA', NULL),
	(7652, 40145, 38, '30/11/2023 12:25', '20/12/2023', 'ATIVA', NULL),
	(7654, 40125, 7, '30/11/2023 13:01', '14/12/2023', '16/12/2023', 'INATIVA');

-- Populando emprestimo
INSERT INTO emprestimo (cod_exemplar, cod_matricula, dt_emprestimo, dt_devolucao)
	VALUES
	(1, 40101, '2022-12-17', '2022-12-24'),
	(2, 40102, '2021-12-01', '2021-12-08'),
	(3, 40103, '2021-11-08', '2021-11-15'),
	(4, 40104, '2022-10-12', '2022-10-19'),
	(5, 40105, '2022-03-09', '2022-03-16'),
	(6, 40101, '2021-09-25', '2021-10-02'),
	(7, 40102, '2022-08-17', '2022-08-24'),
	(8, 40113, '2021-07-04', '2021-07-11'),
	(9, 40114, '2022-01-22', '2022-01-29'),
	(10, 40115, '2022-06-14', '2022-06-21'),
	(11, 40111, '2021-05-31', '2021-06-07'),
	(12, 40112, '2022-04-04', '2022-04-11'),
	(13, 40113, '2022-02-19', '2022-02-26'),
	(14, 40114, '2021-11-13', '2021-11-20'),
	(15, 40115, '2021-09-08', '2021-09-15'),
	(16, 40111, '2022-07-16', '2022-07-23'),
	(17, 40122, '2022-01-01', '2022-01-08'),
	(18, 40123, '2022-03-26', '2022-04-02'),
	(19, 40124, '2022-05-21', '2022-05-28'),
	(20, 40125, '2021-08-12', '2021-08-19'),
	(21, 40121, '2022-06-20', '2022-06-27'),
	(22, 40122, '2021-11-03', '2021-11-10'),
	(23, 40123, '2021-10-07', '2021-10-14'),
	(24, 40124, '2022-11-12', '2022-11-19'),
	(25, 40125, '2022-04-09', '2022-04-16'),
	(26, 40131, '2021-10-24', '2021-10-31'),
	(27, 40131, '2022-09-17', '2022-09-24'),
	(28, 40134, '2021-08-04', '2021-08-11'),
	(29, 40134, '2022-02-12', '2022-02-19'),
	(30, 40131, '2022-06-04', '2022-06-11'),
	(31, 40142, '2023-02-17', '2023-02-24'),
	(32, 40145, '2023-04-07', '2023-04-14'),
	(33, 40141, '2023-06-22', '2023-06-29'),
	(34, 40143, '2023-08-14', '2023-08-21'),
	(35, 40145, '2023-10-12', '2023-10-19'),
	(36, 40141, '2023-12-20', '2023-12-27'),
	(37, 40142, '2022-12-01', '2022-12-08'),
	(38, 40143, '2022-11-08', '2022-11-15'),
	(39, 40144, '2023-10-12', '2023-10-19'),
	(40, 40155, '2023-03-09', '2023-03-16'),
	(41, 40152, '2023-09-25', '2023-10-02'),
	(42, 40153, '2022-08-17', '2022-08-24'),
	(43, 40154, '2023-01-03', '2023-01-10'),
	(44, 40155, '2023-05-22', '2023-05-29'),
	(45, 40151, '2022-06-14', '2022-06-21'),
	(46, 40152, '2022-03-31', '2022-04-07'),
	(47, 40153, '2023-03-17', '2023-03-24'),
	(48, 40154, '2021-12-24', '2021-12-31'),
	(49, 40155, '2023-11-12', '2023-11-19'),
	(50, 40151, '2023-09-08', '2023-09-15');

-- Populando emprestimos atrasados
INSERT INTO emprestimo (cod_exemplar, cod_matricula, dt_emprestimo, dt_devolucao)
	VALUES
	(1, 40101, '2022-12-20', '2023-02-07'),
	(2, 40102, '2021-10-23', '2022-01-08'),
	(3, 40103, '2021-05-08', '2021-12-10'),
	(4, 40104, '2022-06-14', '2022-10-19'),
	(5, 40105, '2022-02-24', '2022-03-16'),
	(6, 40101, '2021-11-17', '2021-12-08'),
	(7, 40102, '2022-01-29', '2022-08-24'),
	(8, 40113, '2021-02-15', '2021-07-11'),
	(9, 40114, '2022-07-13', '2022-10-29'),
	(10, 40115, '2022-10-16', '2022-11-21'),
	(11, 40111, '2021-09-06', '2022-06-07'),
	(12, 40112, '2022-11-16', '2023-04-11'),
	(13, 40113, '2021-02-19', '2022-02-26'),
	(14, 40114, '2019-11-13', '2021-11-20'),
	(15, 40115, '2020-09-08', '2021-09-15'),
	(16, 40111, '2023-07-16', '2023-08-23'),
	(17, 40122, '2018-01-01', '2022-01-08'),
	(18, 40123, '2021-03-26', '2022-04-02'),
	(19, 40124, '2020-12-21', '2022-05-28'),
	(20, 40125, '2019-08-12', '2021-08-19'),
	(21, 40121, '2022-11-20', '2023-06-27'),
	(22, 40122, '2021-07-03', '2021-11-10'),
	(23, 40123, '2021-08-07', '2021-10-14'),
	(24, 40124, '2022-09-12', '2022-11-19'),
	(25, 40125, '2022-04-09', '2022-05-16');

-- Atualizando emprestimos dt prevista de 2 semanas
UPDATE emprestimo SET dt_prevista_devolucao = dt_emprestimo + 14

-- Atualizando reservas inativas
UPDATE reserva SET situacao_res = 'INATIVA'

--populando emprestimo
INSERT INTO emprestimo (cod_exemplar, cod_matricula, dt_emprestimo, dt_devolucao)  
VALUES 
 
(1, 40313, '15/09/2023', '16/09/2023'), 
(6, 40313, '24/09/2023', '28/09/2023'), 
(20, 40313, '07/08/2023', '12/08/2023'), 
(2, 40314, '20/09/2023', '25/09/2023'), 
(2, 40315, '01/08/2023', '03/08/2023'), 
(3, 40316, '05/08/2023', '07/08/2023'), 
(4, 40317, '29/08/2023', '03/09/2023'), 
(5, 40318, '01/09/2023', '07/09/2023'), 
(14, 40318, '01/09/2023', '07/09/2023'), 
(6, 40319, '20/09/2023', '23/09/2023'), 
(7, 40320, '05/02/2023', '09/02/2023'), 
(8, 40321, '01/02/2023', '06/02/2023'), 
(9, 40322, '06/08/2023', '07/08/2023'), 
(10, 40323, '09/09/2023', '14/09/2023'), 
(11, 40324, '12/08/2023', '16/08/2023'), 
(12, 40325, '12/04/2023', '18/04/2023'), 
(30, 40325, '12/04/2023', '18/04/2023'), 
(13, 40326, '09/09/2023', '11/09/2023'), 
(20, 40326, '09/09/2023', '11/09/2023'), 
(14, 40327, '09/09/2023', '13/09/2023'), 
(15, 40328, '09/09/2023', '15/09/2023'), 
(16, 40329, '09/09/2023', '17/09/2023'); 
*/
